"Gyártási idoszak","Kivitel","Üzemanyag","Hengerek száma","Hajtás","Hengerurtartalom","Maximális teljesítmény","Company","CompanyLink","CompanyCarLink","CarModel","Hengerelrendezés","Saját tömeg","Össztömeg","Szélesség","Hosszúság","Tengelytáv","Csomagtér térfogata","Sebességváltó","Maximális forgatónyomaték","Gumiméret","Kategória","Bel.áll.külso vp. tükrök [2 db], Fejtámlák [2 db], Fordulatszámméro, Hátsó ablaktörlo-mosó berendezés, Indításblokkolás, Katalizátor, Légzsák [1 db], Mechanikus váltó, 5-fokozatú, Szervokormánymu, Színezett üvegezés","Ajtók száma","Szállítható személyek száma","Magasság","Üzemanyagtank","Hasznos teher","Környezetvédelmi osztály","Végsebesség","Gyorsulás 0-ról 100 km/h-ra","ALFA ROMEO 145 (1994-2021)
												
											
											
												
											
											
												3 pont
											
											
											
												Pozitív: Egyéni, figyelemfelkelto forma, élvezetes, jó hangú motorok, kedvezo vételár.
											
											
												Negatív: Nehéz elfogadható állapotú példányt találni, különösen a régebbi évjáratok között. Eleinte gyatra minoség, kérdéses megbízhatóság.","Bel.áll.külso vp. tükrök [2 db], Elektromos ablakemelok [2 db], Fejtámlák [4 db], Fordulatszámméro, Hátsó ablaktörlo-mosó berendezés, Hátsó ülés,  osztható, Indításblokkolás, Katalizátor, Központizár, Légzsák [1 db], Mechanikus váltó, 5-fokozatú, Szervokormánymu, Színezett üvegezés","Újkori ára","Fejtámlák elöl [2 db], Fényszóró-távolságállítás belülrol, Fordulatszámméro, Hátsó ablaktörlo-mosó berendezés, Indításblokkolás, Katalizátor, Kormányoszlop: állítható magasságú, Külso visszapillantó tükrök: belülrol állíthatók, Sebességváltómu: 5 fokozatú mechanikus, Szervokormánymu, Színezett hovédoüvegek, Ülések hátul: egyben lehajtható, Üveg tolóteto [napfényteto], elektromos","CO2-kibocsátás","Városi fogyasztás","Országúti fogyasztás","Vegyes fogyasztás","Bel.áll.külso vp. tükrök [2 db], Elektromos ablakemelok [2 db], Fejtámlák [2 db], Fordulatszámméro, Hátsó ablaktörlo-mosó berendezés, Hátsó ülés,  osztható, Indításblokkolás, Katalizátor, Központizár, Légzsák [1 db], Mechanikus váltó, 5-fokozatú, Szervokormánymu, Színezett üvegezés","El.áll., futh.k.vp. tükrök [2 db], Elektromos ablakemelok [2 db], Fejtámlák [4 db], Fordulatszámméro, Hátsó ablaktörlo-mosó berendezés, Hátsó ülés,  osztható, Indításblokkolás, Katalizátor, Ködfényszórók elöl  [2 db], Központizár, Légzsák [1 db], Mechanikus váltó, 5-fokozatú, Szervokormánymu, Színezett üvegezés","Elektromos ablakemelok elöl, Fejtámlák elöl-hátul [4 db], Fényszóró-távolságállítás belülrol, Fordulatszámméro, Hátsó ablaktörlo-mosó berendezés, Indításblokkolás, Katalizátor, Kormányoszlop: állítható magasságú, Központizár, Külso visszapillantó tükrök: belülrol állíthatók, Légzsák a vezetooldalon, Pótféklámpa [harmadik féklámpa], Sebességváltómu: 5 fokozatú mechanikus, Szervokormánymu, Színezett hovédoüvegek, Ülések hátul: lehajtható és osztható, Üveg tolóteto [napfényteto], elektromos, Világítás: ködfényszórók elöl","Elektromos ablakemelok elöl, Fejtámlák elöl-hátul [4 db], Fékrendszer: blokkolásgátló fékrendszer [ABS], Fényszóró-távolságállítás belülrol, Fényszórómosó-[törlo] berendezés, Fordulatszámméro, Hátsó ablaktörlo-mosó berendezés, Indításblokkolás, Katalizátor, borbevonatú sebességváltókar, Kormányoszlop: állítható magasságú, Könnyufém keréktárcsa [4 db], Központizár, Külso visszapillantó tükrök elektromosan állíthatók és futhetok, Légzsák a vezeto-és utasoldalon, Pótféklámpa [harmadik féklámpa], 6 hangszóró], Sebességváltómu: 5 fokozatú mechanikus, Spoiler a küszöbnél, Szervokormánymu, Színezett hovédoüvegek, Ülések hátul: lehajtható és osztható, Ülések: állítható magasságú vezetoülés, Vészhárítók a karosszéria színében, Világítás: ködfényszórók elöl","Elektromos ablakemelok elöl, Fejtámlák elöl [2 db], Fényszóró-távolságállítás belülrol, Fordulatszámméro, Hátsó ablaktörlo-mosó berendezés, Indításblokkolás, Katalizátor, Kormányoszlop: állítható magasságú, Központizár, Külso visszapillantó tükrök: belülrol állíthatók, Sebességváltómu: 5 fokozatú mechanikus, Szervokormánymu, Színezett hovédoüvegek, Ülések hátul: lehajtható és osztható, Üveg tolóteto [napfényteto], elektromos","Elektromos ablakemelok elöl, Fejtámlák elöl [2 db], Fényszóró-távolságállítás belülrol, Fordulatszámméro, Hátsó ablaktörlo-mosó berendezés, Indításblokkolás, Katalizátor, borbevonatú sebességváltókar, Kormányoszlop: állítható magasságú, Központizár, Külso visszapillantó tükrök: belülrol állíthatók, Légzsák a vezetooldalon, Pótféklámpa [harmadik féklámpa], 6 hangszóró], Sebességváltómu: 5 fokozatú mechanikus, Spoiler a küszöbnél, Szervokormánymu: sebességfüggo, Színezett hovédoüvegek, Vészhárítók a karosszéria színében","Elektromos ablakemelok elöl, Fejtámlák elöl-hátul [4 db], Fényszóró-távolságállítás belülrol, Fordulatszámméro, Hátsó ablaktörlo-mosó berendezés, Indításblokkolás, Katalizátor, borbevonatú sebességváltókar, Kormányoszlop: állítható magasságú, Könnyufém keréktárcsa [4 db], Központizár, Külso visszapillantó tükrök elektromosan állíthatók és futhetok, Légzsák a vezetooldalon, Pótféklámpa [harmadik féklámpa], 6 hangszóró], Sebességváltómu: 5 fokozatú mechanikus, Spoiler a küszöbnél, Szervokormánymu: sebességfüggo, Színezett hovédoüvegek, Ülések hátul: lehajtható és osztható, Ülések: állítható magasságú vezetoülés, Vészhárítók a karosszéria színében, Világítás: ködfényszórók elöl","Elektromos ablakemelok elöl, Fejtámlák elöl-hátul [4 db], Fékrendszer: blokkolásgátló fékrendszer [ABS], Fényszóró-távolságállítás belülrol, Fordulatszámméro, Hátsó ablaktörlo-mosó berendezés, Indításblokkolás, Katalizátor, borbevonatú sebességváltókar, Kormányoszlop: állítható magasságú, Könnyufém keréktárcsa [4 db], Központizár, Külso visszapillantó tükrök elektromosan állíthatók és futhetok, Légkondícionáló berendezés, félautomata, Légzsák a vezetooldalon, Légzsák az utasoldalon, Pótféklámpa [harmadik féklámpa], 6 hangszóró], Sebességváltómu: 5 fokozatú mechanikus, Spoiler a küszöbnél, Sportcsomag: hátsó spoiler, borbevonatú sportkormánykerék,széles küszöbléc, középkonzol, könnyufém keréktárcsák 15',sportszövetbetét, oldalvédo gumicsík [fényezett], Szervokormánymu: sebességfüggo, Színezett hovédoüvegek, Ülések hátul: lehajtható és osztható, Ülések: állítható magasságú vezetoülés, Vészhárítók a karosszéria színében, Világítás: ködfényszórók elöl","Elektromos ablakemelok elöl, Fejtámlák elöl-hátul [4 db], Fékrendszer: blokkolásgátló fékrendszer [ABS], Fényszóró-távolságállítás belülrol, Fordulatszámméro, Hátsó ablaktörlo-mosó berendezés, Indításblokkolás, Katalizátor, borbevonatú sebességváltókar, Kormányoszlop: állítható magasságú, Könnyufém keréktárcsa [4 db], Központizár távirányítással, Külso visszapillantó tükrök elektromosan állíthatók és futhetok, Légzsák a vezetooldalon, Pótféklámpa [harmadik féklámpa], 6 hangszóró], Sebességváltómu: 5 fokozatú mechanikus, Spoiler a küszöbnél, Szervokormánymu: sebességfüggo, Színezett hovédoüvegek, Ülések hátul: lehajtható és osztható, Vészhárítók a karosszéria színében, Világítás: ködfényszórók elöl, Ülések: állítható magasságú vezetoülés, sportülések elöl","Biztonsági öv: állítható magasságú elöl, Fejtámlák elöl [2 db], Fényszóró-távolságállítás belülrol, Fordulatszámméro, Indításblokkolás, Katalizátor, Kormányoszlop: állítható magasságú, Külso visszapillantó tükrök: belülrol állíthatók, Sebességváltómu: 5 fokozatú mechanikus, Szervokormánymu, Színezett hovédoüvegek","ALFA ROMEO 146 (1995-2021)
												
											
											
												
											
											
												3 pont
											
											
											
												Pozitív: Egyéni, figyelemfelkelto forma, élvezetes, jó hangú motorok, kedvezo vételár, családturo helykínálat és csomagtér.
											
											
												Negatív: Nehéz elfogadható állapotú példányt találni, különösen a régebbi évjáratok között. Eleinte gyatra minoség, kérdéses megbízhatóság.","Biztonsági öv: állítható magasságú elöl, Elektromos ablakemelok elöl, Fejtámlák elöl-hátul [4 db], Fényszóró-távolságállítás belülrol, Fordulatszámméro, Indításblokkolás, Katalizátor, Kormányoszlop: állítható magasságú, Központizár, Külso visszapillantó tükrök: belülrol állíthatók, Légzsák a vezetooldalon, Pótféklámpa [harmadik féklámpa], 6 hangszóró], Sebességváltómu: 5 fokozatú mechanikus, Szervokormánymu, Színezett hovédoüvegek, Világítás: ködfényszórók elöl","Elektromos ablakemelok elöl-hátul, Fejtámlák elöl-hátul [4 db], Fékrendszer: blokkolásgátló fékrendszer [ABS], Fényszóró-távolságállítás belülrol, Fényszórómosó-[törlo] berendezés, Fordulatszámméro, Hátsó ablaktörlo-mosó berendezés, Indításblokkolás, Katalizátor, borbevonatú sebességváltókar, Kormányoszlop: állítható magasságú, Könnyufém keréktárcsa [4 db], Központizár, Külso visszapillantó tükrök elektromosan állíthatók és futhetok, Légzsák a vezeto-és utasoldalon, 6 hangszóró], Sebességváltómu: 5 fokozatú mechanikus, Spoiler a küszöbnél, Spoiler hátul, Szervokormánymu, Színezett hovédoüvegek, Ülések hátul: lehajtható és osztható, Ülések: állítható magasságú vezetoülés, Vészhárítók a karosszéria színében, Világítás: ködfényszórók elöl","Biztonsági öv: állítható magasságú elöl, Elektromos ablakemelok elöl, Fejtámlák elöl-hátul [4 db], Fényszóró-távolságállítás belülrol, Fordulatszámméro, Indításblokkolás, Katalizátor, Kormányoszlop: állítható magasságú, Központizár, Külso visszapillantó tükrök: belülrol állíthatók, Sebességváltómu: 5 fokozatú mechanikus, Szervokormánymu, Színezett hovédoüvegek","Elektromos ablakemelok elöl, Fejtámlák elöl [2 db], Fényszóró-távolságállítás belülrol, Fordulatszámméro, Indításblokkolás, Katalizátor, borbevonatú sebességváltókar, Kormányoszlop: állítható magasságú, Központizár, Külso visszapillantó tükrök: belülrol állíthatók, Légzsák a vezetooldalon, Pótféklámpa [harmadik féklámpa], 6 hangszóró], Sebességváltómu: 5 fokozatú mechanikus, Spoiler a küszöbnél, Szervokormánymu: sebességfüggo, Színezett hovédoüvegek, Vészhárítók a karosszéria színében","Elektromos ablakemelok elöl, Fejtámlák elöl-hátul [4 db], Fényszóró-távolságállítás belülrol, Fordulatszámméro, Indításblokkolás, Katalizátor, borbevonatú sebességváltókar, Kormányoszlop: állítható magasságú, Könnyufém keréktárcsa [4 db], Központizár, Külso visszapillantó tükrök elektromosan állíthatók és futhetok, Légzsák a vezetooldalon, Pótféklámpa [harmadik féklámpa], 6 hangszóró], Sebességváltómu: 5 fokozatú mechanikus, Spoiler a küszöbnél, Szervokormánymu: sebességfüggo, Színezett hovédoüvegek, Ülések hátul: lehajtható és osztható, Ülések: állítható magasságú vezetoülés, Vészhárítók a karosszéria színében, Világítás: ködfényszórók elöl","Elektromos ablakemelok elöl-hátul, Fejtámlák elöl-hátul [4 db], Fékrendszer: blokkolásgátló fékrendszer [ABS], Fényszóró-távolságállítás belülrol, Fordulatszámméro, Hátsó ablaktörlo-mosó berendezés, Indításblokkolás, Katalizátor, borbevonatú sebességváltókar, Kormányoszlop: állítható magasságú, Könnyufém keréktárcsa [4 db], Központizár távirányítással, Külso visszapillantó tükrök elektromosan állíthatók és futhetok, Légzsák a vezetooldalon, Pótféklámpa [harmadik féklámpa], 6 hangszóró], Sebességváltómu: 5 fokozatú mechanikus, Spoiler a küszöbnél, Szervokormánymu: sebességfüggo, Színezett hovédoüvegek, Ülések hátul: lehajtható és osztható, Vészhárítók a karosszéria színében, Világítás: ködfényszórók elöl, Ülések: állítható magasságú vezetoülés, sportülések elöl","Biztonsági övfeszíto rendszer, Elektromos ablakemelok elöl, Fejtámlák elöl-hátul [4 db], Fékrendszer: blokkolásgátló fékrendszer [ABS], Fényszóró-távolságállítás belülrol, Fordulatszámméro, Függönylégzsák [windowbag] elöl, Hátsó ablaktörlo-mosó berendezés, Indításblokkolás, Kárpit: szövet, Kormányoszlop: állítható magasságú, Központizár távirányítással, Külso visszapillantó tükrök elektromosan állíthatók és futhetok, Légzsák a vezeto-és utasoldalon, oldallégzsákok elöl, Pótféklámpa [harmadik féklámpa], Pótkerék: pótkerék helyett abroncsjavító készlet, Sebességváltómu: 5 fokozatú mechanikus, Szervokormánymu, Színezett üvegek, Ülések hátul: lehajtható és osztható, Ülések: állítható magasságú vezetoülés gerinctámasszal, Vészhárítók és külso tükrök a karosszéria színében, Világítás: ködfényszórók elöl","Fordulási kör átméroje","ALFA ROMEO 147 (2001-2021)
												
											
											
												
											
											
												3 pont
											
											
											
												Pozitív: Izgalmas forma, eros és kulturált motorok, stabil útfekvés, élvezetes vezethetoség, jó minoségu utastér.
											
											
												Negatív: Hátul kissé szukös helykínálat, magas vételár, kényes futómu, a korai példányoknál megbízhatósági (foként elektronikai) problémák lehetnek."
"2000–","Ferdehátú","Benzin","1 henger","Hátsó kerék","50 cm³","4 kW, 5 LE","aixam","https://katalogus.hasznaltauto.hu/aixam","https://katalogus.hasznaltauto.hu/aixam/0.05-67201","0.05-67201",NA,NA,NA,NA,NA,NA,NA,NA,NA,NA,NA,NA,NA,NA,NA,NA,NA,NA,NA,NA,NA,NA,NA,NA,NA,NA,NA,NA,NA,NA,NA,NA,NA,NA,NA,NA,NA,NA,NA,NA,NA,NA,NA,NA,NA,NA,NA,NA
"1997–","Ferdehátú","Dízel","2 henger","Hátsó kerék","479 cm³","10 kW, 14 LE","aixam","https://katalogus.hasznaltauto.hu/aixam","https://katalogus.hasznaltauto.hu/aixam/0.5_d-77139","0.5_d-77139","Soros",NA,NA,NA,NA,NA,NA,NA,NA,NA,NA,NA,NA,NA,NA,NA,NA,NA,NA,NA,NA,NA,NA,NA,NA,NA,NA,NA,NA,NA,NA,NA,NA,NA,NA,NA,NA,NA,NA,NA,NA,NA,NA,NA,NA,NA,NA,NA
"2005–","Ferdehátú","Dízel","2 henger","Elso kerék","400 cm³","4 kW, 5 LE","aixam","https://katalogus.hasznaltauto.hu/aixam","https://katalogus.hasznaltauto.hu/aixam/0.4_d-78499","0.4_d-78499",NA,NA,NA,NA,NA,NA,NA,NA,NA,NA,NA,NA,NA,NA,NA,NA,NA,NA,NA,NA,NA,NA,NA,NA,NA,NA,NA,NA,NA,NA,NA,NA,NA,NA,NA,NA,NA,NA,NA,NA,NA,NA,NA,NA,NA,NA,NA,NA
"2005–","Ferdehátú","Dízel","2 henger","Elso kerék","400 cm³","4 kW, 5 LE","aixam","https://katalogus.hasznaltauto.hu/aixam","https://katalogus.hasznaltauto.hu/aixam/0.4_d-78500","0.4_d-78500",NA,NA,NA,NA,NA,NA,NA,NA,NA,NA,NA,NA,NA,NA,NA,NA,NA,NA,NA,NA,NA,NA,NA,NA,NA,NA,NA,NA,NA,NA,NA,NA,NA,NA,NA,NA,NA,NA,NA,NA,NA,NA,NA,NA,NA,NA,NA,NA
"2005–","Ferdehátú","Dízel","2 henger","Elso kerék","479 cm³","10 kW, 14 LE","aixam","https://katalogus.hasznaltauto.hu/aixam","https://katalogus.hasznaltauto.hu/aixam/0.5_d-78501","0.5_d-78501",NA,NA,NA,NA,NA,NA,NA,NA,NA,NA,NA,NA,NA,NA,NA,NA,NA,NA,NA,NA,NA,NA,NA,NA,NA,NA,NA,NA,NA,NA,NA,NA,NA,NA,NA,NA,NA,NA,NA,NA,NA,NA,NA,NA,NA,NA,NA,NA
"2014–",NA,"Dízel","2 henger",NA,"400 cm³","4 kW, 5 LE","aixam","https://katalogus.hasznaltauto.hu/aixam","https://katalogus.hasznaltauto.hu/aixam/city_pack-67019","city_pack-67019","Soros","350 kg","675 kg","1 500 mm","2 758 mm","1 795 mm","700 l","Fokozatmentes automata sebességváltó","14 Nm","155/70 R14",NA,NA,NA,NA,NA,NA,NA,NA,NA,NA,NA,NA,NA,NA,NA,NA,NA,NA,NA,NA,NA,NA,NA,NA,NA,NA,NA,NA,NA,NA,NA,NA,NA,NA,NA,NA,NA,NA
"2014–",NA,"Dízel","2 henger",NA,"400 cm³","4 kW, 5 LE","aixam","https://katalogus.hasznaltauto.hu/aixam","https://katalogus.hasznaltauto.hu/aixam/city_s-67020","city_s-67020","Soros","350 kg","675 kg","1 500 mm","2 758 mm","1 795 mm","700 l","Fokozatmentes automata sebességváltó","14 Nm","155/82 SR13",NA,NA,NA,NA,NA,NA,NA,NA,NA,NA,NA,NA,NA,NA,NA,NA,NA,NA,NA,NA,NA,NA,NA,NA,NA,NA,NA,NA,NA,NA,NA,NA,NA,NA,NA,NA,NA,NA
"2014–",NA,"Dízel","2 henger",NA,"400 cm³","4 kW, 5 LE","aixam","https://katalogus.hasznaltauto.hu/aixam","https://katalogus.hasznaltauto.hu/aixam/city_premium-67021","city_premium-67021","Soros","350 kg","675 kg","1 500 mm","2 758 mm","1 795 mm","700 l","Fokozatmentes automata sebességváltó","14 Nm","155/82 SR13",NA,NA,NA,NA,NA,NA,NA,NA,NA,NA,NA,NA,NA,NA,NA,NA,NA,NA,NA,NA,NA,NA,NA,NA,NA,NA,NA,NA,NA,NA,NA,NA,NA,NA,NA,NA,NA,NA
"2014–",NA,"Dízel","2 henger",NA,"400 cm³","4 kW, 5 LE","aixam","https://katalogus.hasznaltauto.hu/aixam","https://katalogus.hasznaltauto.hu/aixam/crossline_pack-67022","crossline_pack-67022","Soros","350 kg","675 kg","1 500 mm","2 990 mm","2 000 mm","1 100 l","Fokozatmentes automata sebességváltó","14 Nm","155/70 R14",NA,NA,NA,NA,NA,NA,NA,NA,NA,NA,NA,NA,NA,NA,NA,NA,NA,NA,NA,NA,NA,NA,NA,NA,NA,NA,NA,NA,NA,NA,NA,NA,NA,NA,NA,NA,NA,NA
"2014–",NA,"Dízel","2 henger",NA,"400 cm³","4 kW, 5 LE","aixam","https://katalogus.hasznaltauto.hu/aixam","https://katalogus.hasznaltauto.hu/aixam/crossline_luxe-67023","crossline_luxe-67023","Soros","350 kg","675 kg","1 500 mm","2 990 mm","2 000 mm","1 100 l","Fokozatmentes automata sebességváltó","14 Nm","155/82 SR13",NA,NA,NA,NA,NA,NA,NA,NA,NA,NA,NA,NA,NA,NA,NA,NA,NA,NA,NA,NA,NA,NA,NA,NA,NA,NA,NA,NA,NA,NA,NA,NA,NA,NA,NA,NA,NA,NA
"1994-1997","Ferdehátú","Benzin","4 henger","Elso kerék","1 351 cm³","66 kW, 90 LE","alfa_romeo","https://katalogus.hasznaltauto.hu/alfa_romeo","https://katalogus.hasznaltauto.hu/alfa_romeo/alfa_145_1.4-73","alfa_145_1.4-73","Boxer","1 140 kg","1 670 kg","1 712 mm","4 093 mm","2 540 mm","320 l","Manuális (5 fokozatú) sebességváltó","115 Nm","175/65 R14","Alsó középkategória","Bel.áll.külso vp. tükrök [2 db], Fejtámlák [2 db], Fordulatszámméro, Hátsó ablaktörlo-mosó berendezés, Indításblokkolás, Katalizátor, Légzsák [1 db], Mechanikus váltó, 5-fokozatú, Szervokormánymu, Színezett üvegezés","3 ajtó","5 fo","1 427 mm","51 l","530 kg","EURO 2","178 km/h","12,5 s","Alfa 145 1.4
													(Évjárat: 1996)
													„Azért pont ezt a típust vettem, mert tetszett a forma, a felszereltség, és a technika (ez még mindig egy boxermotoros autó). .....”
												
												
													Alfa 145 1.4
													(Évjárat: 1996)
													„Páratlan vezetési élmény, a gyári sportrugók miatt ""sínautó"", a kanyarból ugyanazon az íven jött ki, mint amin bement. Nem mász...”
												
												
													Alfa 145 1.4
													(Évjárat: 2000)
													„Legjobban a vezethetosége fog meg az autóban. Nagyon jól érzem magam benne. Kituno ár/érték arány. Sokkal többet ""tud"" a kortár...”
												
												
													Alfa 145 1.4
													(Évjárat: 1996)
													„A futómu remek, a lengéscsillapító fantasztikus (kicsit kemény , de ennyi pont kell a sportosságához). Remek út és kanyartartás...”
													
													
													69 autós véleménye",NA,NA,NA,NA,NA,NA,NA,NA,NA,NA,NA,NA,NA,NA,NA,NA,NA,NA,NA,NA,NA,NA,NA,NA,NA,NA,NA
"1994-1997","Ferdehátú","Benzin","4 henger","Elso kerék","1 351 cm³","66 kW, 90 LE","alfa_romeo","https://katalogus.hasznaltauto.hu/alfa_romeo","https://katalogus.hasznaltauto.hu/alfa_romeo/alfa_145_1.4_l-74","alfa_145_1.4_l-74","Boxer","1 140 kg","1 670 kg","1 712 mm","4 093 mm","2 540 mm","320 l","Manuális (5 fokozatú) sebességváltó","115 Nm","175/65 R14","Alsó középkategória",NA,"3 ajtó","5 fo","1 427 mm","51 l","530 kg",NA,"178 km/h","12,5 s","Alfa 145 1.4
													(Évjárat: 1996)
													„Azért pont ezt a típust vettem, mert tetszett a forma, a felszereltség, és a technika (ez még mindig egy boxermotoros autó). .....”
												
												
													Alfa 145 1.4
													(Évjárat: 1996)
													„Páratlan vezetési élmény, a gyári sportrugók miatt ""sínautó"", a kanyarból ugyanazon az íven jött ki, mint amin bement. Nem mász...”
												
												
													Alfa 145 1.4
													(Évjárat: 2000)
													„Legjobban a vezethetosége fog meg az autóban. Nagyon jól érzem magam benne. Kituno ár/érték arány. Sokkal többet ""tud"" a kortár...”
												
												
													Alfa 145 1.4
													(Évjárat: 1996)
													„A futómu remek, a lengéscsillapító fantasztikus (kicsit kemény , de ennyi pont kell a sportosságához). Remek út és kanyartartás...”
													
													
													69 autós véleménye","Bel.áll.külso vp. tükrök [2 db], Elektromos ablakemelok [2 db], Fejtámlák [4 db], Fordulatszámméro, Hátsó ablaktörlo-mosó berendezés, Hátsó ülés,  osztható, Indításblokkolás, Katalizátor, Központizár, Légzsák [1 db], Mechanikus váltó, 5-fokozatú, Szervokormánymu, Színezett üvegezés",NA,NA,NA,NA,NA,NA,NA,NA,NA,NA,NA,NA,NA,NA,NA,NA,NA,NA,NA,NA,NA,NA,NA,NA,NA,NA
"1997-1999","Ferdehátú","Benzin","4 henger","Elso kerék","1 370 cm³","76 kW, 103 LE","alfa_romeo","https://katalogus.hasznaltauto.hu/alfa_romeo","https://katalogus.hasznaltauto.hu/alfa_romeo/alfa_145_1.4_ts_std.-75","alfa_145_1.4_ts_std.-75","Soros","1 210 kg","1 655 kg","1 712 mm","4 093 mm","2 540 mm","320 l","Manuális (5 fokozatú) sebességváltó","124 Nm","185/60 R14 82 H","Alsó középkategória",NA,"3 ajtó","5 fo","1 427 mm","51 l","445 kg","EURO 2","185 km/h","11,2 s","Alfa 145 1.4
													(Évjárat: 1996)
													„Azért pont ezt a típust vettem, mert tetszett a forma, a felszereltség, és a technika (ez még mindig egy boxermotoros autó). .....”
												
												
													Alfa 145 1.4
													(Évjárat: 1996)
													„Páratlan vezetési élmény, a gyári sportrugók miatt ""sínautó"", a kanyarból ugyanazon az íven jött ki, mint amin bement. Nem mász...”
												
												
													Alfa 145 1.4
													(Évjárat: 2000)
													„Legjobban a vezethetosége fog meg az autóban. Nagyon jól érzem magam benne. Kituno ár/érték arány. Sokkal többet ""tud"" a kortár...”
												
												
													Alfa 145 1.4
													(Évjárat: 1996)
													„A futómu remek, a lengéscsillapító fantasztikus (kicsit kemény , de ennyi pont kell a sportosságához). Remek út és kanyartartás...”
													
													
													69 autós véleménye",NA,"2 795 000 Ft","Fejtámlák elöl [2 db], Fényszóró-távolságállítás belülrol, Fordulatszámméro, Hátsó ablaktörlo-mosó berendezés, Indításblokkolás, Katalizátor, Kormányoszlop: állítható magasságú, Külso visszapillantó tükrök: belülrol állíthatók, Sebességváltómu: 5 fokozatú mechanikus, Szervokormánymu, Színezett hovédoüvegek, Ülések hátul: egyben lehajtható, Üveg tolóteto [napfényteto], elektromos","189 g/km","10,7 l/100km","6,3 l/100km","7,9 l/100km",NA,NA,NA,NA,NA,NA,NA,NA,NA,NA,NA,NA,NA,NA,NA,NA,NA,NA,NA,NA
"1997-1999","Ferdehátú","Benzin","4 henger","Elso kerék","1 370 cm³","76 kW, 103 LE","alfa_romeo","https://katalogus.hasznaltauto.hu/alfa_romeo","https://katalogus.hasznaltauto.hu/alfa_romeo/alfa_145_1.4_ts_l-76","alfa_145_1.4_ts_l-76","Soros","1 210 kg","1 655 kg","1 712 mm","4 093 mm","2 540 mm","320 l","Manuális (5 fokozatú) sebességváltó","124 Nm","185/60 R14 82 H","Alsó középkategória",NA,"3 ajtó","5 fo","1 427 mm","51 l","445 kg",NA,"185 km/h","11,2 s","Alfa 145 1.4
													(Évjárat: 1996)
													„Azért pont ezt a típust vettem, mert tetszett a forma, a felszereltség, és a technika (ez még mindig egy boxermotoros autó). .....”
												
												
													Alfa 145 1.4
													(Évjárat: 1996)
													„Páratlan vezetési élmény, a gyári sportrugók miatt ""sínautó"", a kanyarból ugyanazon az íven jött ki, mint amin bement. Nem mász...”
												
												
													Alfa 145 1.4
													(Évjárat: 2000)
													„Legjobban a vezethetosége fog meg az autóban. Nagyon jól érzem magam benne. Kituno ár/érték arány. Sokkal többet ""tud"" a kortár...”
												
												
													Alfa 145 1.4
													(Évjárat: 1996)
													„A futómu remek, a lengéscsillapító fantasztikus (kicsit kemény , de ennyi pont kell a sportosságához). Remek út és kanyartartás...”
													
													
													69 autós véleménye",NA,NA,NA,"189 g/km","10,7 l/100km","6,3 l/100km","7,9 l/100km",NA,NA,NA,NA,NA,NA,NA,NA,NA,NA,NA,NA,NA,NA,NA,NA,NA,NA,NA,NA
"1996-1997","Ferdehátú","Benzin","4 henger","Elso kerék","1 596 cm³","76 kW, 103 LE","alfa_romeo","https://katalogus.hasznaltauto.hu/alfa_romeo","https://katalogus.hasznaltauto.hu/alfa_romeo/alfa_145_1.6-77","alfa_145_1.6-77","Boxer","1 140 kg","1 670 kg","1 712 mm","4 093 mm","2 540 mm","320 l","Manuális (5 fokozatú) sebességváltó","134 Nm","185/60 R14 82 H","Alsó középkategória",NA,"3 ajtó","5 fo","1 427 mm","51 l","530 kg",NA,"185 km/h","11,0 s","Alfa 145 1.4
													(Évjárat: 1996)
													„Azért pont ezt a típust vettem, mert tetszett a forma, a felszereltség, és a technika (ez még mindig egy boxermotoros autó). .....”
												
												
													Alfa 145 1.4
													(Évjárat: 1996)
													„Páratlan vezetési élmény, a gyári sportrugók miatt ""sínautó"", a kanyarból ugyanazon az íven jött ki, mint amin bement. Nem mász...”
												
												
													Alfa 145 1.4
													(Évjárat: 2000)
													„Legjobban a vezethetosége fog meg az autóban. Nagyon jól érzem magam benne. Kituno ár/érték arány. Sokkal többet ""tud"" a kortár...”
												
												
													Alfa 145 1.4
													(Évjárat: 1996)
													„A futómu remek, a lengéscsillapító fantasztikus (kicsit kemény , de ennyi pont kell a sportosságához). Remek út és kanyartartás...”
													
													
													69 autós véleménye",NA,"2 499 000 Ft",NA,NA,NA,NA,NA,"Bel.áll.külso vp. tükrök [2 db], Elektromos ablakemelok [2 db], Fejtámlák [2 db], Fordulatszámméro, Hátsó ablaktörlo-mosó berendezés, Hátsó ülés,  osztható, Indításblokkolás, Katalizátor, Központizár, Légzsák [1 db], Mechanikus váltó, 5-fokozatú, Szervokormánymu, Színezett üvegezés",NA,NA,NA,NA,NA,NA,NA,NA,NA,NA,NA,NA,NA,NA,NA,NA,NA,NA,NA
"1994-1997","Ferdehátú","Benzin","4 henger","Elso kerék","1 596 cm³","76 kW, 103 LE","alfa_romeo","https://katalogus.hasznaltauto.hu/alfa_romeo","https://katalogus.hasznaltauto.hu/alfa_romeo/alfa_145_1.6_l-78","alfa_145_1.6_l-78","Boxer","1 140 kg","1 670 kg","1 712 mm","4 093 mm","2 540 mm","320 l","Manuális (5 fokozatú) sebességváltó","134 Nm","185/60 R14 82 H","Alsó középkategória",NA,"3 ajtó","5 fo","1 427 mm","51 l","530 kg",NA,"185 km/h","11,0 s","Alfa 145 1.4
													(Évjárat: 1996)
													„Azért pont ezt a típust vettem, mert tetszett a forma, a felszereltség, és a technika (ez még mindig egy boxermotoros autó). .....”
												
												
													Alfa 145 1.4
													(Évjárat: 1996)
													„Páratlan vezetési élmény, a gyári sportrugók miatt ""sínautó"", a kanyarból ugyanazon az íven jött ki, mint amin bement. Nem mász...”
												
												
													Alfa 145 1.4
													(Évjárat: 2000)
													„Legjobban a vezethetosége fog meg az autóban. Nagyon jól érzem magam benne. Kituno ár/érték arány. Sokkal többet ""tud"" a kortár...”
												
												
													Alfa 145 1.4
													(Évjárat: 1996)
													„A futómu remek, a lengéscsillapító fantasztikus (kicsit kemény , de ennyi pont kell a sportosságához). Remek út és kanyartartás...”
													
													
													69 autós véleménye",NA,"2 650 000 Ft",NA,NA,NA,NA,NA,NA,"El.áll., futh.k.vp. tükrök [2 db], Elektromos ablakemelok [2 db], Fejtámlák [4 db], Fordulatszámméro, Hátsó ablaktörlo-mosó berendezés, Hátsó ülés,  osztható, Indításblokkolás, Katalizátor, Ködfényszórók elöl  [2 db], Központizár, Légzsák [1 db], Mechanikus váltó, 5-fokozatú, Szervokormánymu, Színezett üvegezés",NA,NA,NA,NA,NA,NA,NA,NA,NA,NA,NA,NA,NA,NA,NA,NA,NA,NA
"1997-1999","Ferdehátú","Benzin","4 henger","Elso kerék","1 598 cm³","88 kW, 120 LE","alfa_romeo","https://katalogus.hasznaltauto.hu/alfa_romeo","https://katalogus.hasznaltauto.hu/alfa_romeo/alfa_145_1.6_ts-79","alfa_145_1.6_ts-79","Soros","1 260 kg","1 705 kg","1 712 mm","4 093 mm","2 540 mm","320 l","Manuális (5 fokozatú) sebességváltó","144 Nm","185/60 R14 82 H","Alsó középkategória",NA,"3 ajtó","5 fo","1 427 mm","51 l","445 kg",NA,"195 km/h","10,2 s","Alfa 145 1.4
													(Évjárat: 1996)
													„Azért pont ezt a típust vettem, mert tetszett a forma, a felszereltség, és a technika (ez még mindig egy boxermotoros autó). .....”
												
												
													Alfa 145 1.4
													(Évjárat: 1996)
													„Páratlan vezetési élmény, a gyári sportrugók miatt ""sínautó"", a kanyarból ugyanazon az íven jött ki, mint amin bement. Nem mász...”
												
												
													Alfa 145 1.4
													(Évjárat: 2000)
													„Legjobban a vezethetosége fog meg az autóban. Nagyon jól érzem magam benne. Kituno ár/érték arány. Sokkal többet ""tud"" a kortár...”
												
												
													Alfa 145 1.4
													(Évjárat: 1996)
													„A futómu remek, a lengéscsillapító fantasztikus (kicsit kemény , de ennyi pont kell a sportosságához). Remek út és kanyartartás...”
													
													
													69 autós véleménye",NA,"3 095 000 Ft",NA,"196 g/km","11,1 l/100km","6,5 l/100km","8,2 l/100km",NA,NA,"Elektromos ablakemelok elöl, Fejtámlák elöl-hátul [4 db], Fényszóró-távolságállítás belülrol, Fordulatszámméro, Hátsó ablaktörlo-mosó berendezés, Indításblokkolás, Katalizátor, Kormányoszlop: állítható magasságú, Központizár, Külso visszapillantó tükrök: belülrol állíthatók, Légzsák a vezetooldalon, Pótféklámpa [harmadik féklámpa], Sebességváltómu: 5 fokozatú mechanikus, Szervokormánymu, Színezett hovédoüvegek, Ülések hátul: lehajtható és osztható, Üveg tolóteto [napfényteto], elektromos, Világítás: ködfényszórók elöl",NA,NA,NA,NA,NA,NA,NA,NA,NA,NA,NA,NA,NA,NA,NA,NA,NA
"1997-1999","Ferdehátú","Benzin","4 henger","Elso kerék","1 598 cm³","88 kW, 120 LE","alfa_romeo","https://katalogus.hasznaltauto.hu/alfa_romeo","https://katalogus.hasznaltauto.hu/alfa_romeo/alfa_145_1.6_ts_l-80","alfa_145_1.6_ts_l-80","Soros","1 260 kg","1 705 kg","1 712 mm","4 093 mm","2 540 mm","320 l","Manuális (5 fokozatú) sebességváltó","144 Nm","185/60 R14 82 H","Alsó középkategória",NA,"3 ajtó","5 fo","1 427 mm","51 l","445 kg",NA,"195 km/h","10,2 s","Alfa 145 1.4
													(Évjárat: 1996)
													„Azért pont ezt a típust vettem, mert tetszett a forma, a felszereltség, és a technika (ez még mindig egy boxermotoros autó). .....”
												
												
													Alfa 145 1.4
													(Évjárat: 1996)
													„Páratlan vezetési élmény, a gyári sportrugók miatt ""sínautó"", a kanyarból ugyanazon az íven jött ki, mint amin bement. Nem mász...”
												
												
													Alfa 145 1.4
													(Évjárat: 2000)
													„Legjobban a vezethetosége fog meg az autóban. Nagyon jól érzem magam benne. Kituno ár/érték arány. Sokkal többet ""tud"" a kortár...”
												
												
													Alfa 145 1.4
													(Évjárat: 1996)
													„A futómu remek, a lengéscsillapító fantasztikus (kicsit kemény , de ennyi pont kell a sportosságához). Remek út és kanyartartás...”
													
													
													69 autós véleménye",NA,NA,NA,"196 g/km","11,1 l/100km","6,5 l/100km","8,2 l/100km",NA,NA,NA,NA,NA,NA,NA,NA,NA,NA,NA,NA,NA,NA,NA,NA,NA,NA,NA,NA
"1994-1996","Ferdehátú","Benzin","4 henger","Elso kerék","1 715 cm³","95 kW, 129 LE","alfa_romeo","https://katalogus.hasznaltauto.hu/alfa_romeo","https://katalogus.hasznaltauto.hu/alfa_romeo/alfa_145_1.7_16v-81","alfa_145_1.7_16v-81","Boxer","1 190 kg","1 715 kg","1 712 mm","4 093 mm","2 540 mm","320 l","Manuális (5 fokozatú) sebességváltó","148 Nm","185/60 R14 82 H","Alsó középkategória",NA,"3 ajtó","5 fo","1 427 mm","51 l","525 kg",NA,"200 km/h","9,8 s","Alfa 145 1.4
													(Évjárat: 1996)
													„Azért pont ezt a típust vettem, mert tetszett a forma, a felszereltség, és a technika (ez még mindig egy boxermotoros autó). .....”
												
												
													Alfa 145 1.4
													(Évjárat: 1996)
													„Páratlan vezetési élmény, a gyári sportrugók miatt ""sínautó"", a kanyarból ugyanazon az íven jött ki, mint amin bement. Nem mász...”
												
												
													Alfa 145 1.4
													(Évjárat: 2000)
													„Legjobban a vezethetosége fog meg az autóban. Nagyon jól érzem magam benne. Kituno ár/érték arány. Sokkal többet ""tud"" a kortár...”
												
												
													Alfa 145 1.4
													(Évjárat: 1996)
													„A futómu remek, a lengéscsillapító fantasztikus (kicsit kemény , de ennyi pont kell a sportosságához). Remek út és kanyartartás...”
													
													
													69 autós véleménye",NA,NA,NA,NA,NA,NA,NA,NA,NA,NA,NA,NA,NA,NA,NA,NA,NA,NA,NA,NA,NA,NA,NA,NA,NA,NA,NA
"1994-1996","Ferdehátú","Benzin","4 henger","Elso kerék","1 715 cm³","95 kW, 129 LE","alfa_romeo","https://katalogus.hasznaltauto.hu/alfa_romeo","https://katalogus.hasznaltauto.hu/alfa_romeo/alfa_145_1.7_16v_l-82","alfa_145_1.7_16v_l-82","Boxer","1 190 kg","1 715 kg","1 712 mm","4 093 mm","2 540 mm","320 l","Manuális (5 fokozatú) sebességváltó","148 Nm","185/60 R14 82 H","Alsó középkategória",NA,"3 ajtó","5 fo","1 427 mm","51 l","525 kg",NA,"200 km/h","9,8 s","Alfa 145 1.4
													(Évjárat: 1996)
													„Azért pont ezt a típust vettem, mert tetszett a forma, a felszereltség, és a technika (ez még mindig egy boxermotoros autó). .....”
												
												
													Alfa 145 1.4
													(Évjárat: 1996)
													„Páratlan vezetési élmény, a gyári sportrugók miatt ""sínautó"", a kanyarból ugyanazon az íven jött ki, mint amin bement. Nem mász...”
												
												
													Alfa 145 1.4
													(Évjárat: 2000)
													„Legjobban a vezethetosége fog meg az autóban. Nagyon jól érzem magam benne. Kituno ár/érték arány. Sokkal többet ""tud"" a kortár...”
												
												
													Alfa 145 1.4
													(Évjárat: 1996)
													„A futómu remek, a lengéscsillapító fantasztikus (kicsit kemény , de ennyi pont kell a sportosságához). Remek út és kanyartartás...”
													
													
													69 autós véleménye",NA,NA,NA,NA,NA,NA,NA,NA,NA,NA,NA,NA,NA,NA,NA,NA,NA,NA,NA,NA,NA,NA,NA,NA,NA,NA,NA
"1997-1998","Ferdehátú","Benzin","4 henger","Elso kerék","1 747 cm³","103 kW, 140 LE","alfa_romeo","https://katalogus.hasznaltauto.hu/alfa_romeo","https://katalogus.hasznaltauto.hu/alfa_romeo/alfa_145_1.8_ts_16v-83","alfa_145_1.8_ts_16v-83","Soros","1 207 kg","1 720 kg","1 712 mm","4 093 mm","2 540 mm","320 l","Manuális (5 fokozatú) sebességváltó",NA,"195/55 R15 84 V","Alsó középkategória",NA,"3 ajtó","5 fo","1 427 mm","51 l","513 kg",NA,NA,NA,"Alfa 145 1.4
													(Évjárat: 1996)
													„Azért pont ezt a típust vettem, mert tetszett a forma, a felszereltség, és a technika (ez még mindig egy boxermotoros autó). .....”
												
												
													Alfa 145 1.4
													(Évjárat: 1996)
													„Páratlan vezetési élmény, a gyári sportrugók miatt ""sínautó"", a kanyarból ugyanazon az íven jött ki, mint amin bement. Nem mász...”
												
												
													Alfa 145 1.4
													(Évjárat: 2000)
													„Legjobban a vezethetosége fog meg az autóban. Nagyon jól érzem magam benne. Kituno ár/érték arány. Sokkal többet ""tud"" a kortár...”
												
												
													Alfa 145 1.4
													(Évjárat: 1996)
													„A futómu remek, a lengéscsillapító fantasztikus (kicsit kemény , de ennyi pont kell a sportosságához). Remek út és kanyartartás...”
													
													
													69 autós véleménye",NA,NA,NA,NA,NA,NA,NA,NA,NA,NA,NA,NA,NA,NA,NA,NA,NA,NA,NA,NA,NA,NA,NA,NA,NA,NA,NA
"1997-1998","Ferdehátú","Benzin","4 henger","Elso kerék","1 747 cm³","103 kW, 140 LE","alfa_romeo","https://katalogus.hasznaltauto.hu/alfa_romeo","https://katalogus.hasznaltauto.hu/alfa_romeo/alfa_145_1.8_ts_16v_l-84","alfa_145_1.8_ts_16v_l-84","Soros","1 207 kg","1 720 kg","1 712 mm","4 093 mm","2 540 mm","320 l","Manuális (5 fokozatú) sebességváltó",NA,"195/55 R15 82 V","Alsó középkategória",NA,"3 ajtó","5 fo","1 427 mm","51 l","513 kg",NA,NA,NA,"Alfa 145 1.4
													(Évjárat: 1996)
													„Azért pont ezt a típust vettem, mert tetszett a forma, a felszereltség, és a technika (ez még mindig egy boxermotoros autó). .....”
												
												
													Alfa 145 1.4
													(Évjárat: 1996)
													„Páratlan vezetési élmény, a gyári sportrugók miatt ""sínautó"", a kanyarból ugyanazon az íven jött ki, mint amin bement. Nem mász...”
												
												
													Alfa 145 1.4
													(Évjárat: 2000)
													„Legjobban a vezethetosége fog meg az autóban. Nagyon jól érzem magam benne. Kituno ár/érték arány. Sokkal többet ""tud"" a kortár...”
												
												
													Alfa 145 1.4
													(Évjárat: 1996)
													„A futómu remek, a lengéscsillapító fantasztikus (kicsit kemény , de ennyi pont kell a sportosságához). Remek út és kanyartartás...”
													
													
													69 autós véleménye",NA,NA,NA,NA,NA,NA,NA,NA,NA,NA,NA,NA,NA,NA,NA,NA,NA,NA,NA,NA,NA,NA,NA,NA,NA,NA,NA
"1998-1999","Ferdehátú","Benzin","4 henger","Elso kerék","1 747 cm³","106 kW, 144 LE","alfa_romeo","https://katalogus.hasznaltauto.hu/alfa_romeo","https://katalogus.hasznaltauto.hu/alfa_romeo/alfa_145_1.8_ts_16v-85","alfa_145_1.8_ts_16v-85","Soros","1 207 kg","1 720 kg","1 712 mm","4 093 mm","2 540 mm","320 l","Manuális (5 fokozatú) sebességváltó",NA,"195/55 R15 84 V","Alsó középkategória",NA,"3 ajtó","5 fo","1 427 mm","51 l","513 kg",NA,NA,NA,"Alfa 145 1.4
													(Évjárat: 1996)
													„Azért pont ezt a típust vettem, mert tetszett a forma, a felszereltség, és a technika (ez még mindig egy boxermotoros autó). .....”
												
												
													Alfa 145 1.4
													(Évjárat: 1996)
													„Páratlan vezetési élmény, a gyári sportrugók miatt ""sínautó"", a kanyarból ugyanazon az íven jött ki, mint amin bement. Nem mász...”
												
												
													Alfa 145 1.4
													(Évjárat: 2000)
													„Legjobban a vezethetosége fog meg az autóban. Nagyon jól érzem magam benne. Kituno ár/érték arány. Sokkal többet ""tud"" a kortár...”
												
												
													Alfa 145 1.4
													(Évjárat: 1996)
													„A futómu remek, a lengéscsillapító fantasztikus (kicsit kemény , de ennyi pont kell a sportosságához). Remek út és kanyartartás...”
													
													
													69 autós véleménye",NA,NA,NA,NA,NA,NA,NA,NA,NA,NA,NA,NA,NA,NA,NA,NA,NA,NA,NA,NA,NA,NA,NA,NA,NA,NA,NA
"1998-1999","Ferdehátú","Benzin","4 henger","Elso kerék","1 747 cm³","106 kW, 144 LE","alfa_romeo","https://katalogus.hasznaltauto.hu/alfa_romeo","https://katalogus.hasznaltauto.hu/alfa_romeo/alfa_145_1.8_ts_16v_l-86","alfa_145_1.8_ts_16v_l-86","Soros","1 207 kg","1 720 kg","1 712 mm","4 093 mm","2 540 mm","320 l","Manuális (5 fokozatú) sebességváltó",NA,"195/55 R15 84 V","Alsó középkategória",NA,"3 ajtó","5 fo","1 427 mm","51 l","513 kg",NA,NA,NA,"Alfa 145 1.4
													(Évjárat: 1996)
													„Azért pont ezt a típust vettem, mert tetszett a forma, a felszereltség, és a technika (ez még mindig egy boxermotoros autó). .....”
												
												
													Alfa 145 1.4
													(Évjárat: 1996)
													„Páratlan vezetési élmény, a gyári sportrugók miatt ""sínautó"", a kanyarból ugyanazon az íven jött ki, mint amin bement. Nem mász...”
												
												
													Alfa 145 1.4
													(Évjárat: 2000)
													„Legjobban a vezethetosége fog meg az autóban. Nagyon jól érzem magam benne. Kituno ár/érték arány. Sokkal többet ""tud"" a kortár...”
												
												
													Alfa 145 1.4
													(Évjárat: 1996)
													„A futómu remek, a lengéscsillapító fantasztikus (kicsit kemény , de ennyi pont kell a sportosságához). Remek út és kanyartartás...”
													
													
													69 autós véleménye",NA,NA,NA,NA,NA,NA,NA,NA,NA,NA,NA,NA,NA,NA,NA,NA,NA,NA,NA,NA,NA,NA,NA,NA,NA,NA,NA
"1995-1998","Ferdehátú","Benzin","4 henger","Elso kerék","1 970 cm³","110 kW, 150 LE","alfa_romeo","https://katalogus.hasznaltauto.hu/alfa_romeo","https://katalogus.hasznaltauto.hu/alfa_romeo/alfa_145_2.0_ts_16v_qv-87","alfa_145_2.0_ts_16v_qv-87","Soros","1 240 kg","1 765 kg","1 712 mm","4 093 mm","2 540 mm","320 l","Manuális (5 fokozatú) sebességváltó","186 Nm","195/55 R15 84 V","Alsó középkategória",NA,"3 ajtó","5 fo","1 427 mm","51 l","525 kg",NA,"210 km/h","8,4 s","Alfa 145 1.4
													(Évjárat: 1996)
													„Azért pont ezt a típust vettem, mert tetszett a forma, a felszereltség, és a technika (ez még mindig egy boxermotoros autó). .....”
												
												
													Alfa 145 1.4
													(Évjárat: 1996)
													„Páratlan vezetési élmény, a gyári sportrugók miatt ""sínautó"", a kanyarból ugyanazon az íven jött ki, mint amin bement. Nem mász...”
												
												
													Alfa 145 1.4
													(Évjárat: 2000)
													„Legjobban a vezethetosége fog meg az autóban. Nagyon jól érzem magam benne. Kituno ár/érték arány. Sokkal többet ""tud"" a kortár...”
												
												
													Alfa 145 1.4
													(Évjárat: 1996)
													„A futómu remek, a lengéscsillapító fantasztikus (kicsit kemény , de ennyi pont kell a sportosságához). Remek út és kanyartartás...”
													
													
													69 autós véleménye",NA,"4 560 000 Ft",NA,NA,NA,NA,NA,NA,NA,NA,"Elektromos ablakemelok elöl, Fejtámlák elöl-hátul [4 db], Fékrendszer: blokkolásgátló fékrendszer [ABS], Fényszóró-távolságállítás belülrol, Fényszórómosó-[törlo] berendezés, Fordulatszámméro, Hátsó ablaktörlo-mosó berendezés, Indításblokkolás, Katalizátor, borbevonatú sebességváltókar, Kormányoszlop: állítható magasságú, Könnyufém keréktárcsa [4 db], Központizár, Külso visszapillantó tükrök elektromosan állíthatók és futhetok, Légzsák a vezeto-és utasoldalon, Pótféklámpa [harmadik féklámpa], 6 hangszóró], Sebességváltómu: 5 fokozatú mechanikus, Spoiler a küszöbnél, Szervokormánymu, Színezett hovédoüvegek, Ülések hátul: lehajtható és osztható, Ülések: állítható magasságú vezetoülés, Vészhárítók a karosszéria színében, Világítás: ködfényszórók elöl",NA,NA,NA,NA,NA,NA,NA,NA,NA,NA,NA,NA,NA,NA,NA,NA
"1998-1999","Ferdehátú","Benzin","4 henger","Elso kerék","1 970 cm³","114 kW, 155 LE","alfa_romeo","https://katalogus.hasznaltauto.hu/alfa_romeo","https://katalogus.hasznaltauto.hu/alfa_romeo/alfa_145_2.0_ts_16v_qv-88","alfa_145_2.0_ts_16v_qv-88","Soros","1 240 kg","1 765 kg","1 712 mm","4 093 mm","2 540 mm","320 l","Manuális (5 fokozatú) sebességváltó","187 Nm","195/55 R15 84 V","Alsó középkategória",NA,"3 ajtó","5 fo","1 427 mm","51 l","525 kg",NA,"211 km/h","8,3 s","Alfa 145 1.4
													(Évjárat: 1996)
													„Azért pont ezt a típust vettem, mert tetszett a forma, a felszereltség, és a technika (ez még mindig egy boxermotoros autó). .....”
												
												
													Alfa 145 1.4
													(Évjárat: 1996)
													„Páratlan vezetési élmény, a gyári sportrugók miatt ""sínautó"", a kanyarból ugyanazon az íven jött ki, mint amin bement. Nem mász...”
												
												
													Alfa 145 1.4
													(Évjárat: 2000)
													„Legjobban a vezethetosége fog meg az autóban. Nagyon jól érzem magam benne. Kituno ár/érték arány. Sokkal többet ""tud"" a kortár...”
												
												
													Alfa 145 1.4
													(Évjárat: 1996)
													„A futómu remek, a lengéscsillapító fantasztikus (kicsit kemény , de ennyi pont kell a sportosságához). Remek út és kanyartartás...”
													
													
													69 autós véleménye",NA,"4 795 000 Ft",NA,"210 g/km","12,5 l/100km","6,7 l/100km","8,8 l/100km",NA,NA,NA,"Elektromos ablakemelok elöl, Fejtámlák elöl-hátul [4 db], Fékrendszer: blokkolásgátló fékrendszer [ABS], Fényszóró-távolságállítás belülrol, Fényszórómosó-[törlo] berendezés, Fordulatszámméro, Hátsó ablaktörlo-mosó berendezés, Indításblokkolás, Katalizátor, borbevonatú sebességváltókar, Kormányoszlop: állítható magasságú, Könnyufém keréktárcsa [4 db], Központizár, Külso visszapillantó tükrök elektromosan állíthatók és futhetok, Légzsák a vezeto-és utasoldalon, Pótféklámpa [harmadik féklámpa], 6 hangszóró], Sebességváltómu: 5 fokozatú mechanikus, Spoiler a küszöbnél, Szervokormánymu, Színezett hovédoüvegek, Ülések hátul: lehajtható és osztható, Ülések: állítható magasságú vezetoülés, Vészhárítók a karosszéria színében, Világítás: ködfényszórók elöl",NA,NA,NA,NA,NA,NA,NA,NA,NA,NA,NA,NA,NA,NA,NA,NA
"1996-1999","Ferdehátú","Dízel","4 henger","Elso kerék","1 929 cm³","66 kW, 90 LE","alfa_romeo","https://katalogus.hasznaltauto.hu/alfa_romeo","https://katalogus.hasznaltauto.hu/alfa_romeo/alfa_145_2.0_td_std-89","alfa_145_2.0_td_std-89","Soros","1 210 kg","1 730 kg","1 712 mm","4 093 mm","2 540 mm","320 l","Manuális (5 fokozatú) sebességváltó","186 Nm","175/65 R14 82 T","Alsó középkategória",NA,"3 ajtó","5 fo","1 427 mm","51 l","520 kg",NA,"178 km/h","12,0 s","Alfa 145 1.4
													(Évjárat: 1996)
													„Azért pont ezt a típust vettem, mert tetszett a forma, a felszereltség, és a technika (ez még mindig egy boxermotoros autó). .....”
												
												
													Alfa 145 1.4
													(Évjárat: 1996)
													„Páratlan vezetési élmény, a gyári sportrugók miatt ""sínautó"", a kanyarból ugyanazon az íven jött ki, mint amin bement. Nem mász...”
												
												
													Alfa 145 1.4
													(Évjárat: 2000)
													„Legjobban a vezethetosége fog meg az autóban. Nagyon jól érzem magam benne. Kituno ár/érték arány. Sokkal többet ""tud"" a kortár...”
												
												
													Alfa 145 1.4
													(Évjárat: 1996)
													„A futómu remek, a lengéscsillapító fantasztikus (kicsit kemény , de ennyi pont kell a sportosságához). Remek út és kanyartartás...”
													
													
													69 autós véleménye",NA,"3 795 000 Ft",NA,"170 g/km","8,8 l/100km","5,0 l/100km","6,4 l/100km",NA,NA,NA,NA,"Elektromos ablakemelok elöl, Fejtámlák elöl [2 db], Fényszóró-távolságállítás belülrol, Fordulatszámméro, Hátsó ablaktörlo-mosó berendezés, Indításblokkolás, Katalizátor, Kormányoszlop: állítható magasságú, Központizár, Külso visszapillantó tükrök: belülrol állíthatók, Sebességváltómu: 5 fokozatú mechanikus, Szervokormánymu, Színezett hovédoüvegek, Ülések hátul: lehajtható és osztható, Üveg tolóteto [napfényteto], elektromos",NA,NA,NA,NA,NA,NA,NA,NA,NA,NA,NA,NA,NA,NA,NA
"1999-2001","Ferdehátú","Benzin","4 henger","Elso kerék","1 370 cm³","76 kW, 103 LE","alfa_romeo","https://katalogus.hasznaltauto.hu/alfa_romeo","https://katalogus.hasznaltauto.hu/alfa_romeo/alfa_145_1.4_t.spark-90","alfa_145_1.4_t.spark-90","Soros","1 135 kg","1 655 kg","1 712 mm","4 061 mm","2 540 mm","320 l","Manuális (5 fokozatú) sebességváltó","124 Nm","185/60 R14 82 H","Alsó középkategória",NA,"3 ajtó","5 fo","1 431 mm","51 l","520 kg",NA,"185 km/h","11,2 s","Alfa 145 1.4
													(Évjárat: 1996)
													„Azért pont ezt a típust vettem, mert tetszett a forma, a felszereltség, és a technika (ez még mindig egy boxermotoros autó). .....”
												
												
													Alfa 145 1.4
													(Évjárat: 1996)
													„Páratlan vezetési élmény, a gyári sportrugók miatt ""sínautó"", a kanyarból ugyanazon az íven jött ki, mint amin bement. Nem mász...”
												
												
													Alfa 145 1.4
													(Évjárat: 2000)
													„Legjobban a vezethetosége fog meg az autóban. Nagyon jól érzem magam benne. Kituno ár/érték arány. Sokkal többet ""tud"" a kortár...”
												
												
													Alfa 145 1.4
													(Évjárat: 1996)
													„A futómu remek, a lengéscsillapító fantasztikus (kicsit kemény , de ennyi pont kell a sportosságához). Remek út és kanyartartás...”
													
													
													69 autós véleménye",NA,"3 055 000 Ft",NA,"189 g/km","10,7 l/100km","6,3 l/100km","7,9 l/100km",NA,NA,NA,NA,NA,"Elektromos ablakemelok elöl, Fejtámlák elöl [2 db], Fényszóró-távolságállítás belülrol, Fordulatszámméro, Hátsó ablaktörlo-mosó berendezés, Indításblokkolás, Katalizátor, borbevonatú sebességváltókar, Kormányoszlop: állítható magasságú, Központizár, Külso visszapillantó tükrök: belülrol állíthatók, Légzsák a vezetooldalon, Pótféklámpa [harmadik féklámpa], 6 hangszóró], Sebességváltómu: 5 fokozatú mechanikus, Spoiler a küszöbnél, Szervokormánymu: sebességfüggo, Színezett hovédoüvegek, Vészhárítók a karosszéria színében",NA,NA,NA,NA,NA,NA,NA,NA,NA,NA,NA,NA,NA,NA
"1999-2001","Ferdehátú","Benzin","4 henger","Elso kerék","1 598 cm³","88 kW, 120 LE","alfa_romeo","https://katalogus.hasznaltauto.hu/alfa_romeo","https://katalogus.hasznaltauto.hu/alfa_romeo/alfa_145_1.6_t.spark_l-91","alfa_145_1.6_t.spark_l-91","Soros","1 165 kg","1 685 kg","1 712 mm","4 061 mm","2 540 mm","320 l","Manuális (5 fokozatú) sebességváltó","144 Nm","185/60 R14 82 H","Alsó középkategória",NA,"3 ajtó","5 fo","1 431 mm","51 l","520 kg",NA,"195 km/h","10,2 s","Alfa 145 1.4
													(Évjárat: 1996)
													„Azért pont ezt a típust vettem, mert tetszett a forma, a felszereltség, és a technika (ez még mindig egy boxermotoros autó). .....”
												
												
													Alfa 145 1.4
													(Évjárat: 1996)
													„Páratlan vezetési élmény, a gyári sportrugók miatt ""sínautó"", a kanyarból ugyanazon az íven jött ki, mint amin bement. Nem mász...”
												
												
													Alfa 145 1.4
													(Évjárat: 2000)
													„Legjobban a vezethetosége fog meg az autóban. Nagyon jól érzem magam benne. Kituno ár/érték arány. Sokkal többet ""tud"" a kortár...”
												
												
													Alfa 145 1.4
													(Évjárat: 1996)
													„A futómu remek, a lengéscsillapító fantasztikus (kicsit kemény , de ennyi pont kell a sportosságához). Remek út és kanyartartás...”
													
													
													69 autós véleménye",NA,"3 355 000 Ft",NA,"196 g/km","11,1 l/100km","6,5 l/100km","8,2 l/100km",NA,NA,NA,NA,NA,NA,"Elektromos ablakemelok elöl, Fejtámlák elöl-hátul [4 db], Fényszóró-távolságállítás belülrol, Fordulatszámméro, Hátsó ablaktörlo-mosó berendezés, Indításblokkolás, Katalizátor, borbevonatú sebességváltókar, Kormányoszlop: állítható magasságú, Könnyufém keréktárcsa [4 db], Központizár, Külso visszapillantó tükrök elektromosan állíthatók és futhetok, Légzsák a vezetooldalon, Pótféklámpa [harmadik féklámpa], 6 hangszóró], Sebességváltómu: 5 fokozatú mechanikus, Spoiler a küszöbnél, Szervokormánymu: sebességfüggo, Színezett hovédoüvegek, Ülések hátul: lehajtható és osztható, Ülések: állítható magasságú vezetoülés, Vészhárítók a karosszéria színében, Világítás: ködfényszórók elöl",NA,NA,NA,NA,NA,NA,NA,NA,NA,NA,NA,NA,NA
"2000.","Ferdehátú","Benzin","4 henger","Elso kerék","1 598 cm³","88 kW, 120 LE","alfa_romeo","https://katalogus.hasznaltauto.hu/alfa_romeo","https://katalogus.hasznaltauto.hu/alfa_romeo/alfa_145_1.6_t.spark_special_edition-92","alfa_145_1.6_t.spark_special_edition-92","Soros","1 165 kg","1 685 kg","1 712 mm","4 061 mm","2 540 mm","320 l","Manuális (5 fokozatú) sebességváltó","144 Nm","195/55 R15 84 V","Alsó középkategória",NA,"3 ajtó","5 fo","1 431 mm","51 l","520 kg",NA,"195 km/h","10,2 s","Alfa 145 1.4
													(Évjárat: 1996)
													„Azért pont ezt a típust vettem, mert tetszett a forma, a felszereltség, és a technika (ez még mindig egy boxermotoros autó). .....”
												
												
													Alfa 145 1.4
													(Évjárat: 1996)
													„Páratlan vezetési élmény, a gyári sportrugók miatt ""sínautó"", a kanyarból ugyanazon az íven jött ki, mint amin bement. Nem mász...”
												
												
													Alfa 145 1.4
													(Évjárat: 2000)
													„Legjobban a vezethetosége fog meg az autóban. Nagyon jól érzem magam benne. Kituno ár/érték arány. Sokkal többet ""tud"" a kortár...”
												
												
													Alfa 145 1.4
													(Évjárat: 1996)
													„A futómu remek, a lengéscsillapító fantasztikus (kicsit kemény , de ennyi pont kell a sportosságához). Remek út és kanyartartás...”
													
													
													69 autós véleménye",NA,"3 495 000 Ft",NA,"196 g/km","11,1 l/100km","6,5 l/100km","8,2 l/100km",NA,NA,NA,NA,NA,NA,NA,"Elektromos ablakemelok elöl, Fejtámlák elöl-hátul [4 db], Fékrendszer: blokkolásgátló fékrendszer [ABS], Fényszóró-távolságállítás belülrol, Fordulatszámméro, Hátsó ablaktörlo-mosó berendezés, Indításblokkolás, Katalizátor, borbevonatú sebességváltókar, Kormányoszlop: állítható magasságú, Könnyufém keréktárcsa [4 db], Központizár, Külso visszapillantó tükrök elektromosan állíthatók és futhetok, Légkondícionáló berendezés, félautomata, Légzsák a vezetooldalon, Légzsák az utasoldalon, Pótféklámpa [harmadik féklámpa], 6 hangszóró], Sebességváltómu: 5 fokozatú mechanikus, Spoiler a küszöbnél, Sportcsomag: hátsó spoiler, borbevonatú sportkormánykerék,széles küszöbléc, középkonzol, könnyufém keréktárcsák 15',sportszövetbetét, oldalvédo gumicsík [fényezett], Szervokormánymu: sebességfüggo, Színezett hovédoüvegek, Ülések hátul: lehajtható és osztható, Ülések: állítható magasságú vezetoülés, Vészhárítók a karosszéria színében, Világítás: ködfényszórók elöl",NA,NA,NA,NA,NA,NA,NA,NA,NA,NA,NA,NA
"1999-2000","Ferdehátú","Benzin","4 henger","Elso kerék","1 970 cm³","114 kW, 155 LE","alfa_romeo","https://katalogus.hasznaltauto.hu/alfa_romeo","https://katalogus.hasznaltauto.hu/alfa_romeo/alfa_145_2.0_quadrifoglio-93","alfa_145_2.0_quadrifoglio-93","Soros","1 240 kg","1 760 kg","1 712 mm","4 061 mm","2 540 mm","320 l","Manuális (5 fokozatú) sebességváltó","187 Nm","195/55 R15 84 V","Alsó középkategória",NA,"3 ajtó","5 fo","1 431 mm","51 l","520 kg","EURO 3","211 km/h","8,3 s","Alfa 145 1.4
													(Évjárat: 1996)
													„Azért pont ezt a típust vettem, mert tetszett a forma, a felszereltség, és a technika (ez még mindig egy boxermotoros autó). .....”
												
												
													Alfa 145 1.4
													(Évjárat: 1996)
													„Páratlan vezetési élmény, a gyári sportrugók miatt ""sínautó"", a kanyarból ugyanazon az íven jött ki, mint amin bement. Nem mász...”
												
												
													Alfa 145 1.4
													(Évjárat: 2000)
													„Legjobban a vezethetosége fog meg az autóban. Nagyon jól érzem magam benne. Kituno ár/érték arány. Sokkal többet ""tud"" a kortár...”
												
												
													Alfa 145 1.4
													(Évjárat: 1996)
													„A futómu remek, a lengéscsillapító fantasztikus (kicsit kemény , de ennyi pont kell a sportosságához). Remek út és kanyartartás...”
													
													
													69 autós véleménye",NA,"5 195 000 Ft",NA,"208 g/km","12,4 l/100km","6,6 l/100km","8,7 l/100km",NA,NA,NA,NA,NA,NA,NA,NA,"Elektromos ablakemelok elöl, Fejtámlák elöl-hátul [4 db], Fékrendszer: blokkolásgátló fékrendszer [ABS], Fényszóró-távolságállítás belülrol, Fordulatszámméro, Hátsó ablaktörlo-mosó berendezés, Indításblokkolás, Katalizátor, borbevonatú sebességváltókar, Kormányoszlop: állítható magasságú, Könnyufém keréktárcsa [4 db], Központizár távirányítással, Külso visszapillantó tükrök elektromosan állíthatók és futhetok, Légzsák a vezetooldalon, Pótféklámpa [harmadik féklámpa], 6 hangszóró], Sebességváltómu: 5 fokozatú mechanikus, Spoiler a küszöbnél, Szervokormánymu: sebességfüggo, Színezett hovédoüvegek, Ülések hátul: lehajtható és osztható, Vészhárítók a karosszéria színében, Világítás: ködfényszórók elöl, Ülések: állítható magasságú vezetoülés, sportülések elöl",NA,NA,NA,NA,NA,NA,NA,NA,NA,NA,NA
"1999-2000","Ferdehátú","Dízel","4 henger","Elso kerék","1 910 cm³","77 kW, 105 LE","alfa_romeo","https://katalogus.hasznaltauto.hu/alfa_romeo","https://katalogus.hasznaltauto.hu/alfa_romeo/alfa_145_1.9_jtd-94","alfa_145_1.9_jtd-94","Soros","1 210 kg","1 730 kg","1 712 mm","4 061 mm","2 540 mm","320 l","Manuális (5 fokozatú) sebességváltó","255 Nm","185/60 R14 82 H","Alsó középkategória",NA,"3 ajtó","5 fo","1 431 mm","51 l","520 kg",NA,"185 km/h","10,4 s","Alfa 145 1.4
													(Évjárat: 1996)
													„Azért pont ezt a típust vettem, mert tetszett a forma, a felszereltség, és a technika (ez még mindig egy boxermotoros autó). .....”
												
												
													Alfa 145 1.4
													(Évjárat: 1996)
													„Páratlan vezetési élmény, a gyári sportrugók miatt ""sínautó"", a kanyarból ugyanazon az íven jött ki, mint amin bement. Nem mász...”
												
												
													Alfa 145 1.4
													(Évjárat: 2000)
													„Legjobban a vezethetosége fog meg az autóban. Nagyon jól érzem magam benne. Kituno ár/érték arány. Sokkal többet ""tud"" a kortár...”
												
												
													Alfa 145 1.4
													(Évjárat: 1996)
													„A futómu remek, a lengéscsillapító fantasztikus (kicsit kemény , de ennyi pont kell a sportosságához). Remek út és kanyartartás...”
													
													
													69 autós véleménye",NA,"4 280 000 Ft",NA,"152 g/km","7,6 l/100km","4,7 l/100km","5,7 l/100km",NA,NA,NA,NA,NA,"Elektromos ablakemelok elöl, Fejtámlák elöl [2 db], Fényszóró-távolságállítás belülrol, Fordulatszámméro, Hátsó ablaktörlo-mosó berendezés, Indításblokkolás, Katalizátor, borbevonatú sebességváltókar, Kormányoszlop: állítható magasságú, Központizár, Külso visszapillantó tükrök: belülrol állíthatók, Légzsák a vezetooldalon, Pótféklámpa [harmadik féklámpa], 6 hangszóró], Sebességváltómu: 5 fokozatú mechanikus, Spoiler a küszöbnél, Szervokormánymu: sebességfüggo, Színezett hovédoüvegek, Vészhárítók a karosszéria színében",NA,NA,NA,NA,NA,NA,NA,NA,NA,NA,NA,NA,NA,NA
"1999.","Ferdehátú","Dízel","4 henger","Elso kerék","1 910 cm³","77 kW, 105 LE","alfa_romeo","https://katalogus.hasznaltauto.hu/alfa_romeo","https://katalogus.hasznaltauto.hu/alfa_romeo/alfa_145_1.9_jtd_l-95","alfa_145_1.9_jtd_l-95","Soros","1 210 kg","1 730 kg","1 712 mm","4 093 mm","2 540 mm","320 l","Manuális (5 fokozatú) sebességváltó","255 Nm","185/60 R14 H","Alsó középkategória",NA,"3 ajtó","5 fo","1 427 mm","51 l","520 kg",NA,"185 km/h","10,4 s","Alfa 145 1.4
													(Évjárat: 1996)
													„Azért pont ezt a típust vettem, mert tetszett a forma, a felszereltség, és a technika (ez még mindig egy boxermotoros autó). .....”
												
												
													Alfa 145 1.4
													(Évjárat: 1996)
													„Páratlan vezetési élmény, a gyári sportrugók miatt ""sínautó"", a kanyarból ugyanazon az íven jött ki, mint amin bement. Nem mász...”
												
												
													Alfa 145 1.4
													(Évjárat: 2000)
													„Legjobban a vezethetosége fog meg az autóban. Nagyon jól érzem magam benne. Kituno ár/érték arány. Sokkal többet ""tud"" a kortár...”
												
												
													Alfa 145 1.4
													(Évjárat: 1996)
													„A futómu remek, a lengéscsillapító fantasztikus (kicsit kemény , de ennyi pont kell a sportosságához). Remek út és kanyartartás...”
													
													
													69 autós véleménye",NA,NA,NA,"152 g/km","7,6 l/100km","4,7 l/100km","5,7 l/100km",NA,NA,NA,NA,NA,NA,NA,NA,NA,NA,NA,NA,NA,NA,NA,NA,NA,NA,NA,NA
"1997-1999","Ferdehátú","Benzin","4 henger","Elso kerék","1 370 cm³","76 kW, 103 LE","alfa_romeo","https://katalogus.hasznaltauto.hu/alfa_romeo","https://katalogus.hasznaltauto.hu/alfa_romeo/alfa_146_1.4_ts_std.-96","alfa_146_1.4_ts_std.-96","Soros","1 235 kg","1 680 kg","1 712 mm","4 257 mm","2 540 mm","380 l","Manuális (5 fokozatú) sebességváltó","124 Nm","185/60 R14 82 H","Alsó középkategória",NA,"5 ajtó","5 fo","1 425 mm","51 l","445 kg",NA,"187 km/h","11,5 s",NA,NA,"2 995 000 Ft",NA,"189 g/km","10,7 l/100km","6,3 l/100km","7,9 l/100km",NA,NA,NA,NA,NA,NA,NA,NA,NA,"Biztonsági öv: állítható magasságú elöl, Fejtámlák elöl [2 db], Fényszóró-távolságállítás belülrol, Fordulatszámméro, Indításblokkolás, Katalizátor, Kormányoszlop: állítható magasságú, Külso visszapillantó tükrök: belülrol állíthatók, Sebességváltómu: 5 fokozatú mechanikus, Szervokormánymu, Színezett hovédoüvegek","Alfa 146 1.4 TS STD.
													(Évjárat: 1998)
													„tetszett: megjelenés, kényelem, menetdinamika, kormányzás, úttartás, helykínálat, csomagtér (nem kicsi, 380l, és síkba döntött...”
												
												
													Alfa 146 1.4 TS STD.
													(Évjárat: 2000)
													„Egyik legolcsóbb dízel volt a kínálatban, ehhez képest 8-9 évesen is megállja a helyét. Nagyon jó az útfekvése (cserében elég k...”
												
												
													Alfa 146 1.4 TS STD.
													(Évjárat: 1996)
													„Az autó súlyához mérten csak a motorikus és computeres tuning után teljesített gazdaságos autózást biztosító dinamizmust. A gya...”
												
												
													Alfa 146 1.4 TS STD.
													(Évjárat: 1996)
													„Tetszik, hogy kis kezes autó, a vészhelyzetekben is kezelheto, kellett olyan manovert tenni vele, hogy azt hittem hogy csatt le...”
													
													
													102 autós véleménye",NA,NA,NA,NA,NA,NA,NA,NA,NA
"1995-1997","Ferdehátú","Benzin","4 henger","Elso kerék","1 596 cm³","76 kW, 103 LE","alfa_romeo","https://katalogus.hasznaltauto.hu/alfa_romeo","https://katalogus.hasznaltauto.hu/alfa_romeo/alfa_146_1.6-97","alfa_146_1.6-97","Boxer","1 175 kg","1 705 kg","1 712 mm","4 257 mm","2 540 mm","380 l","Manuális (5 fokozatú) sebességváltó","134 Nm","185/60 R14 82 H","Alsó középkategória",NA,"5 ajtó","5 fo","1 425 mm","51 l","530 kg","EURO 2","187 km/h","11,5 s",NA,NA,"2 650 000 Ft",NA,NA,NA,NA,NA,"Bel.áll.külso vp. tükrök [2 db], Elektromos ablakemelok [2 db], Fejtámlák [2 db], Fordulatszámméro, Hátsó ablaktörlo-mosó berendezés, Hátsó ülés,  osztható, Indításblokkolás, Katalizátor, Központizár, Légzsák [1 db], Mechanikus váltó, 5-fokozatú, Szervokormánymu, Színezett üvegezés",NA,NA,NA,NA,NA,NA,NA,NA,NA,"Alfa 146 1.4 TS STD.
													(Évjárat: 1998)
													„tetszett: megjelenés, kényelem, menetdinamika, kormányzás, úttartás, helykínálat, csomagtér (nem kicsi, 380l, és síkba döntött...”
												
												
													Alfa 146 1.4 TS STD.
													(Évjárat: 2000)
													„Egyik legolcsóbb dízel volt a kínálatban, ehhez képest 8-9 évesen is megállja a helyét. Nagyon jó az útfekvése (cserében elég k...”
												
												
													Alfa 146 1.4 TS STD.
													(Évjárat: 1996)
													„Az autó súlyához mérten csak a motorikus és computeres tuning után teljesített gazdaságos autózást biztosító dinamizmust. A gya...”
												
												
													Alfa 146 1.4 TS STD.
													(Évjárat: 1996)
													„Tetszik, hogy kis kezes autó, a vészhelyzetekben is kezelheto, kellett olyan manovert tenni vele, hogy azt hittem hogy csatt le...”
													
													
													102 autós véleménye",NA,NA,NA,NA,NA,NA,NA,NA,NA
"1996-1997","Ferdehátú","Benzin","4 henger","Elso kerék","1 596 cm³","76 kW, 103 LE","alfa_romeo","https://katalogus.hasznaltauto.hu/alfa_romeo","https://katalogus.hasznaltauto.hu/alfa_romeo/alfa_146_1.6_l-98","alfa_146_1.6_l-98","Boxer","1 175 kg","1 705 kg","1 712 mm","4 257 mm","2 540 mm","380 l","Manuális (5 fokozatú) sebességváltó","134 Nm","185/60 R14 82 H","Alsó középkategória",NA,"5 ajtó","5 fo","1 425 mm","51 l","530 kg",NA,"187 km/h","11,5 s",NA,NA,"2 780 000 Ft",NA,NA,NA,NA,NA,NA,"El.áll., futh.k.vp. tükrök [2 db], Elektromos ablakemelok [2 db], Fejtámlák [4 db], Fordulatszámméro, Hátsó ablaktörlo-mosó berendezés, Hátsó ülés,  osztható, Indításblokkolás, Katalizátor, Ködfényszórók elöl  [2 db], Központizár, Légzsák [1 db], Mechanikus váltó, 5-fokozatú, Szervokormánymu, Színezett üvegezés",NA,NA,NA,NA,NA,NA,NA,NA,"Alfa 146 1.4 TS STD.
													(Évjárat: 1998)
													„tetszett: megjelenés, kényelem, menetdinamika, kormányzás, úttartás, helykínálat, csomagtér (nem kicsi, 380l, és síkba döntött...”
												
												
													Alfa 146 1.4 TS STD.
													(Évjárat: 2000)
													„Egyik legolcsóbb dízel volt a kínálatban, ehhez képest 8-9 évesen is megállja a helyét. Nagyon jó az útfekvése (cserében elég k...”
												
												
													Alfa 146 1.4 TS STD.
													(Évjárat: 1996)
													„Az autó súlyához mérten csak a motorikus és computeres tuning után teljesített gazdaságos autózást biztosító dinamizmust. A gya...”
												
												
													Alfa 146 1.4 TS STD.
													(Évjárat: 1996)
													„Tetszik, hogy kis kezes autó, a vészhelyzetekben is kezelheto, kellett olyan manovert tenni vele, hogy azt hittem hogy csatt le...”
													
													
													102 autós véleménye",NA,NA,NA,NA,NA,NA,NA,NA,NA
"1997-1999","Ferdehátú","Benzin","4 henger","Elso kerék","1 598 cm³","88 kW, 120 LE","alfa_romeo","https://katalogus.hasznaltauto.hu/alfa_romeo","https://katalogus.hasznaltauto.hu/alfa_romeo/alfa_146_1.6_ts-99","alfa_146_1.6_ts-99","Soros","1 285 kg","1 730 kg","1 712 mm","4 257 mm","2 540 mm","380 l","Manuális (5 fokozatú) sebességváltó","144 Nm","185/60 R14 82 H","Alsó középkategória",NA,"5 ajtó","5 fo","1 425 mm","51 l","445 kg",NA,"197 km/h","10,5 s",NA,NA,"3 295 000 Ft",NA,"198 g/km","11,3 l/100km","6,6 l/100km","8,3 l/100km",NA,NA,NA,NA,NA,NA,NA,NA,NA,NA,"Alfa 146 1.4 TS STD.
													(Évjárat: 1998)
													„tetszett: megjelenés, kényelem, menetdinamika, kormányzás, úttartás, helykínálat, csomagtér (nem kicsi, 380l, és síkba döntött...”
												
												
													Alfa 146 1.4 TS STD.
													(Évjárat: 2000)
													„Egyik legolcsóbb dízel volt a kínálatban, ehhez képest 8-9 évesen is megállja a helyét. Nagyon jó az útfekvése (cserében elég k...”
												
												
													Alfa 146 1.4 TS STD.
													(Évjárat: 1996)
													„Az autó súlyához mérten csak a motorikus és computeres tuning után teljesített gazdaságos autózást biztosító dinamizmust. A gya...”
												
												
													Alfa 146 1.4 TS STD.
													(Évjárat: 1996)
													„Tetszik, hogy kis kezes autó, a vészhelyzetekben is kezelheto, kellett olyan manovert tenni vele, hogy azt hittem hogy csatt le...”
													
													
													102 autós véleménye","Biztonsági öv: állítható magasságú elöl, Elektromos ablakemelok elöl, Fejtámlák elöl-hátul [4 db], Fényszóró-távolságállítás belülrol, Fordulatszámméro, Indításblokkolás, Katalizátor, Kormányoszlop: állítható magasságú, Központizár, Külso visszapillantó tükrök: belülrol állíthatók, Légzsák a vezetooldalon, Pótféklámpa [harmadik féklámpa], 6 hangszóró], Sebességváltómu: 5 fokozatú mechanikus, Szervokormánymu, Színezett hovédoüvegek, Világítás: ködfényszórók elöl",NA,NA,NA,NA,NA,NA,NA,NA
"1997-1999","Ferdehátú","Benzin","4 henger","Elso kerék","1 598 cm³","88 kW, 120 LE","alfa_romeo","https://katalogus.hasznaltauto.hu/alfa_romeo","https://katalogus.hasznaltauto.hu/alfa_romeo/alfa_146_1.6_ts_l-100","alfa_146_1.6_ts_l-100","Soros","1 285 kg","1 730 kg","1 712 mm","4 257 mm","2 540 mm","380 l","Manuális (5 fokozatú) sebességváltó","144 Nm","185/60 R14 82 H","Alsó középkategória",NA,"5 ajtó","5 fo","1 425 mm","51 l","445 kg",NA,"197 km/h","10,5 s",NA,NA,NA,NA,"198 g/km","11,3 l/100km","6,6 l/100km","8,3 l/100km",NA,NA,NA,NA,NA,NA,NA,NA,NA,NA,"Alfa 146 1.4 TS STD.
													(Évjárat: 1998)
													„tetszett: megjelenés, kényelem, menetdinamika, kormányzás, úttartás, helykínálat, csomagtér (nem kicsi, 380l, és síkba döntött...”
												
												
													Alfa 146 1.4 TS STD.
													(Évjárat: 2000)
													„Egyik legolcsóbb dízel volt a kínálatban, ehhez képest 8-9 évesen is megállja a helyét. Nagyon jó az útfekvése (cserében elég k...”
												
												
													Alfa 146 1.4 TS STD.
													(Évjárat: 1996)
													„Az autó súlyához mérten csak a motorikus és computeres tuning után teljesített gazdaságos autózást biztosító dinamizmust. A gya...”
												
												
													Alfa 146 1.4 TS STD.
													(Évjárat: 1996)
													„Tetszik, hogy kis kezes autó, a vészhelyzetekben is kezelheto, kellett olyan manovert tenni vele, hogy azt hittem hogy csatt le...”
													
													
													102 autós véleménye",NA,NA,NA,NA,NA,NA,NA,NA,NA
"1997-1998","Ferdehátú","Benzin","4 henger","Elso kerék","1 747 cm³","103 kW, 140 LE","alfa_romeo","https://katalogus.hasznaltauto.hu/alfa_romeo","https://katalogus.hasznaltauto.hu/alfa_romeo/alfa_146_1.8_ts_l-101","alfa_146_1.8_ts_l-101","Soros","1 232 kg","1 745 kg","1 712 mm","4 257 mm","2 540 mm","380 l","Manuális (5 fokozatú) sebességváltó",NA,"195/55 R15 84 V","Alsó középkategória",NA,"5 ajtó","5 fo","1 425 mm","51 l","513 kg",NA,NA,NA,NA,NA,NA,NA,NA,NA,NA,NA,NA,NA,NA,NA,NA,NA,NA,NA,NA,NA,"Alfa 146 1.4 TS STD.
													(Évjárat: 1998)
													„tetszett: megjelenés, kényelem, menetdinamika, kormányzás, úttartás, helykínálat, csomagtér (nem kicsi, 380l, és síkba döntött...”
												
												
													Alfa 146 1.4 TS STD.
													(Évjárat: 2000)
													„Egyik legolcsóbb dízel volt a kínálatban, ehhez képest 8-9 évesen is megállja a helyét. Nagyon jó az útfekvése (cserében elég k...”
												
												
													Alfa 146 1.4 TS STD.
													(Évjárat: 1996)
													„Az autó súlyához mérten csak a motorikus és computeres tuning után teljesített gazdaságos autózást biztosító dinamizmust. A gya...”
												
												
													Alfa 146 1.4 TS STD.
													(Évjárat: 1996)
													„Tetszik, hogy kis kezes autó, a vészhelyzetekben is kezelheto, kellett olyan manovert tenni vele, hogy azt hittem hogy csatt le...”
													
													
													102 autós véleménye",NA,NA,NA,NA,NA,NA,NA,NA,NA
"1996-1998","Ferdehátú","Benzin","4 henger","Elso kerék","1 970 cm³","110 kW, 150 LE","alfa_romeo","https://katalogus.hasznaltauto.hu/alfa_romeo","https://katalogus.hasznaltauto.hu/alfa_romeo/alfa_146_2.0_ti-102","alfa_146_2.0_ti-102","Soros","1 275 kg","1 800 kg","1 712 mm","4 257 mm","2 540 mm","380 l","Manuális (5 fokozatú) sebességváltó","186 Nm","195/55 R15 84 V","Alsó középkategória",NA,"5 ajtó","5 fo","1 425 mm","51 l","525 kg","EURO 2","212 km/h","8,5 s",NA,NA,"4 760 000 Ft",NA,"208 g/km","12,4 l/100km","6,6 l/100km","8,7 l/100km",NA,NA,NA,NA,NA,NA,NA,NA,NA,NA,"Alfa 146 1.4 TS STD.
													(Évjárat: 1998)
													„tetszett: megjelenés, kényelem, menetdinamika, kormányzás, úttartás, helykínálat, csomagtér (nem kicsi, 380l, és síkba döntött...”
												
												
													Alfa 146 1.4 TS STD.
													(Évjárat: 2000)
													„Egyik legolcsóbb dízel volt a kínálatban, ehhez képest 8-9 évesen is megállja a helyét. Nagyon jó az útfekvése (cserében elég k...”
												
												
													Alfa 146 1.4 TS STD.
													(Évjárat: 1996)
													„Az autó súlyához mérten csak a motorikus és computeres tuning után teljesített gazdaságos autózást biztosító dinamizmust. A gya...”
												
												
													Alfa 146 1.4 TS STD.
													(Évjárat: 1996)
													„Tetszik, hogy kis kezes autó, a vészhelyzetekben is kezelheto, kellett olyan manovert tenni vele, hogy azt hittem hogy csatt le...”
													
													
													102 autós véleménye",NA,"Elektromos ablakemelok elöl-hátul, Fejtámlák elöl-hátul [4 db], Fékrendszer: blokkolásgátló fékrendszer [ABS], Fényszóró-távolságállítás belülrol, Fényszórómosó-[törlo] berendezés, Fordulatszámméro, Hátsó ablaktörlo-mosó berendezés, Indításblokkolás, Katalizátor, borbevonatú sebességváltókar, Kormányoszlop: állítható magasságú, Könnyufém keréktárcsa [4 db], Központizár, Külso visszapillantó tükrök elektromosan állíthatók és futhetok, Légzsák a vezeto-és utasoldalon, 6 hangszóró], Sebességváltómu: 5 fokozatú mechanikus, Spoiler a küszöbnél, Spoiler hátul, Szervokormánymu, Színezett hovédoüvegek, Ülések hátul: lehajtható és osztható, Ülések: állítható magasságú vezetoülés, Vészhárítók a karosszéria színében, Világítás: ködfényszórók elöl",NA,NA,NA,NA,NA,NA,NA
"1998.","Ferdehátú","Benzin","4 henger","Elso kerék","1 747 cm³","106 kW, 144 LE","alfa_romeo","https://katalogus.hasznaltauto.hu/alfa_romeo","https://katalogus.hasznaltauto.hu/alfa_romeo/alfa_146_1.8_ts_l-103","alfa_146_1.8_ts_l-103","Soros","1 232 kg","1 720 kg","1 712 mm","4 257 mm","2 540 mm","380 l","Manuális (5 fokozatú) sebességváltó",NA,"195/55 R15 84 V","Alsó középkategória",NA,"5 ajtó","5 fo","1 425 mm","51 l","488 kg",NA,NA,NA,NA,NA,NA,NA,NA,NA,NA,NA,NA,NA,NA,NA,NA,NA,NA,NA,NA,NA,"Alfa 146 1.4 TS STD.
													(Évjárat: 1998)
													„tetszett: megjelenés, kényelem, menetdinamika, kormányzás, úttartás, helykínálat, csomagtér (nem kicsi, 380l, és síkba döntött...”
												
												
													Alfa 146 1.4 TS STD.
													(Évjárat: 2000)
													„Egyik legolcsóbb dízel volt a kínálatban, ehhez képest 8-9 évesen is megállja a helyét. Nagyon jó az útfekvése (cserében elég k...”
												
												
													Alfa 146 1.4 TS STD.
													(Évjárat: 1996)
													„Az autó súlyához mérten csak a motorikus és computeres tuning után teljesített gazdaságos autózást biztosító dinamizmust. A gya...”
												
												
													Alfa 146 1.4 TS STD.
													(Évjárat: 1996)
													„Tetszik, hogy kis kezes autó, a vészhelyzetekben is kezelheto, kellett olyan manovert tenni vele, hogy azt hittem hogy csatt le...”
													
													
													102 autós véleménye",NA,NA,NA,NA,NA,NA,NA,NA,NA
"1998-1999","Ferdehátú","Benzin","4 henger","Elso kerék","1 970 cm³","114 kW, 155 LE","alfa_romeo","https://katalogus.hasznaltauto.hu/alfa_romeo","https://katalogus.hasznaltauto.hu/alfa_romeo/alfa_146_2.0_ti-104","alfa_146_2.0_ti-104","Soros","1 275 kg","1 800 kg","1 712 mm","4 257 mm","2 540 mm","380 l","Manuális (5 fokozatú) sebességváltó","187 Nm","195/55 R15 84 V","Alsó középkategória",NA,"5 ajtó","5 fo","1 425 mm","51 l","525 kg",NA,"216 km/h","8,4 s",NA,NA,"4 975 000 Ft",NA,"210 g/km","12,5 l/100km","6,7 l/100km","8,8 l/100km",NA,NA,NA,"Elektromos ablakemelok elöl, Fejtámlák elöl-hátul [4 db], Fékrendszer: blokkolásgátló fékrendszer [ABS], Fényszóró-távolságállítás belülrol, Fényszórómosó-[törlo] berendezés, Fordulatszámméro, Hátsó ablaktörlo-mosó berendezés, Indításblokkolás, Katalizátor, borbevonatú sebességváltókar, Kormányoszlop: állítható magasságú, Könnyufém keréktárcsa [4 db], Központizár, Külso visszapillantó tükrök elektromosan állíthatók és futhetok, Légzsák a vezeto-és utasoldalon, Pótféklámpa [harmadik féklámpa], 6 hangszóró], Sebességváltómu: 5 fokozatú mechanikus, Spoiler a küszöbnél, Szervokormánymu, Színezett hovédoüvegek, Ülések hátul: lehajtható és osztható, Ülések: állítható magasságú vezetoülés, Vészhárítók a karosszéria színében, Világítás: ködfényszórók elöl",NA,NA,NA,NA,NA,NA,"Alfa 146 1.4 TS STD.
													(Évjárat: 1998)
													„tetszett: megjelenés, kényelem, menetdinamika, kormányzás, úttartás, helykínálat, csomagtér (nem kicsi, 380l, és síkba döntött...”
												
												
													Alfa 146 1.4 TS STD.
													(Évjárat: 2000)
													„Egyik legolcsóbb dízel volt a kínálatban, ehhez képest 8-9 évesen is megállja a helyét. Nagyon jó az útfekvése (cserében elég k...”
												
												
													Alfa 146 1.4 TS STD.
													(Évjárat: 1996)
													„Az autó súlyához mérten csak a motorikus és computeres tuning után teljesített gazdaságos autózást biztosító dinamizmust. A gya...”
												
												
													Alfa 146 1.4 TS STD.
													(Évjárat: 1996)
													„Tetszik, hogy kis kezes autó, a vészhelyzetekben is kezelheto, kellett olyan manovert tenni vele, hogy azt hittem hogy csatt le...”
													
													
													102 autós véleménye",NA,NA,NA,NA,NA,NA,NA,NA,NA
"1995-1999","Ferdehátú","Dízel","4 henger","Elso kerék","1 929 cm³","66 kW, 90 LE","alfa_romeo","https://katalogus.hasznaltauto.hu/alfa_romeo","https://katalogus.hasznaltauto.hu/alfa_romeo/alfa_146_2.0_td_std.-105","alfa_146_2.0_td_std.-105","Soros","1 245 kg","1 765 kg","1 712 mm","4 257 mm","2 540 mm","380 l","Manuális (5 fokozatú) sebességváltó","186 Nm",NA,"Alsó középkategória",NA,"5 ajtó","5 fo","1 425 mm","51 l","520 kg",NA,"179 km/h","12,0 s",NA,NA,"3 995 000 Ft",NA,"170 g/km","8,8 l/100km","5,0 l/100km","6,4 l/100km",NA,NA,NA,NA,NA,NA,NA,NA,NA,NA,"Alfa 146 1.4 TS STD.
													(Évjárat: 1998)
													„tetszett: megjelenés, kényelem, menetdinamika, kormányzás, úttartás, helykínálat, csomagtér (nem kicsi, 380l, és síkba döntött...”
												
												
													Alfa 146 1.4 TS STD.
													(Évjárat: 2000)
													„Egyik legolcsóbb dízel volt a kínálatban, ehhez képest 8-9 évesen is megállja a helyét. Nagyon jó az útfekvése (cserében elég k...”
												
												
													Alfa 146 1.4 TS STD.
													(Évjárat: 1996)
													„Az autó súlyához mérten csak a motorikus és computeres tuning után teljesített gazdaságos autózást biztosító dinamizmust. A gya...”
												
												
													Alfa 146 1.4 TS STD.
													(Évjárat: 1996)
													„Tetszik, hogy kis kezes autó, a vészhelyzetekben is kezelheto, kellett olyan manovert tenni vele, hogy azt hittem hogy csatt le...”
													
													
													102 autós véleménye",NA,NA,"Biztonsági öv: állítható magasságú elöl, Elektromos ablakemelok elöl, Fejtámlák elöl-hátul [4 db], Fényszóró-távolságállítás belülrol, Fordulatszámméro, Indításblokkolás, Katalizátor, Kormányoszlop: állítható magasságú, Központizár, Külso visszapillantó tükrök: belülrol állíthatók, Sebességváltómu: 5 fokozatú mechanikus, Szervokormánymu, Színezett hovédoüvegek",NA,NA,NA,NA,NA,NA
"1999-2001","Ferdehátú","Benzin","4 henger","Elso kerék","1 370 cm³","76 kW, 103 LE","alfa_romeo","https://katalogus.hasznaltauto.hu/alfa_romeo","https://katalogus.hasznaltauto.hu/alfa_romeo/alfa_146_1.4_t.spark-106","alfa_146_1.4_t.spark-106","Soros","1 160 kg","1 680 kg","1 712 mm","4 235 mm","2 540 mm","380 l","Manuális (5 fokozatú) sebességváltó","124 Nm","185/60 R14 82 H","Alsó középkategória",NA,"5 ajtó","5 fo","1 426 mm","51 l","520 kg",NA,"187 km/h","11,5 s",NA,NA,"3 275 000 Ft",NA,"189 g/km","10,7 l/100km","6,3 l/100km","7,9 l/100km",NA,NA,NA,NA,NA,NA,NA,NA,NA,NA,"Alfa 146 1.4 TS STD.
													(Évjárat: 1998)
													„tetszett: megjelenés, kényelem, menetdinamika, kormányzás, úttartás, helykínálat, csomagtér (nem kicsi, 380l, és síkba döntött...”
												
												
													Alfa 146 1.4 TS STD.
													(Évjárat: 2000)
													„Egyik legolcsóbb dízel volt a kínálatban, ehhez képest 8-9 évesen is megállja a helyét. Nagyon jó az útfekvése (cserében elég k...”
												
												
													Alfa 146 1.4 TS STD.
													(Évjárat: 1996)
													„Az autó súlyához mérten csak a motorikus és computeres tuning után teljesített gazdaságos autózást biztosító dinamizmust. A gya...”
												
												
													Alfa 146 1.4 TS STD.
													(Évjárat: 1996)
													„Tetszik, hogy kis kezes autó, a vészhelyzetekben is kezelheto, kellett olyan manovert tenni vele, hogy azt hittem hogy csatt le...”
													
													
													102 autós véleménye",NA,NA,NA,"Elektromos ablakemelok elöl, Fejtámlák elöl [2 db], Fényszóró-távolságállítás belülrol, Fordulatszámméro, Indításblokkolás, Katalizátor, borbevonatú sebességváltókar, Kormányoszlop: állítható magasságú, Központizár, Külso visszapillantó tükrök: belülrol állíthatók, Légzsák a vezetooldalon, Pótféklámpa [harmadik féklámpa], 6 hangszóró], Sebességváltómu: 5 fokozatú mechanikus, Spoiler a küszöbnél, Szervokormánymu: sebességfüggo, Színezett hovédoüvegek, Vészhárítók a karosszéria színében",NA,NA,NA,NA,NA
"1999-2000","Ferdehátú","Benzin","4 henger","Elso kerék","1 370 cm³","76 kW, 103 LE","alfa_romeo","https://katalogus.hasznaltauto.hu/alfa_romeo","https://katalogus.hasznaltauto.hu/alfa_romeo/alfa_146_1.4_t.spark_l-107","alfa_146_1.4_t.spark_l-107","Soros","1 235 kg","1 680 kg","1 712 mm","4 257 mm","2 540 mm","380 l","Manuális (5 fokozatú) sebességváltó","124 Nm","185/60 R14 H","Alsó középkategória",NA,"5 ajtó","5 fo","1 425 mm","51 l","445 kg",NA,"187 km/h","11,5 s",NA,NA,NA,NA,"189 g/km","10,7 l/100km","6,3 l/100km","7,9 l/100km",NA,NA,NA,NA,NA,NA,NA,NA,NA,NA,"Alfa 146 1.4 TS STD.
													(Évjárat: 1998)
													„tetszett: megjelenés, kényelem, menetdinamika, kormányzás, úttartás, helykínálat, csomagtér (nem kicsi, 380l, és síkba döntött...”
												
												
													Alfa 146 1.4 TS STD.
													(Évjárat: 2000)
													„Egyik legolcsóbb dízel volt a kínálatban, ehhez képest 8-9 évesen is megállja a helyét. Nagyon jó az útfekvése (cserében elég k...”
												
												
													Alfa 146 1.4 TS STD.
													(Évjárat: 1996)
													„Az autó súlyához mérten csak a motorikus és computeres tuning után teljesített gazdaságos autózást biztosító dinamizmust. A gya...”
												
												
													Alfa 146 1.4 TS STD.
													(Évjárat: 1996)
													„Tetszik, hogy kis kezes autó, a vészhelyzetekben is kezelheto, kellett olyan manovert tenni vele, hogy azt hittem hogy csatt le...”
													
													
													102 autós véleménye",NA,NA,NA,NA,NA,NA,NA,NA,NA
"1999-2001","Ferdehátú","Benzin","4 henger","Elso kerék","1 598 cm³","88 kW, 120 LE","alfa_romeo","https://katalogus.hasznaltauto.hu/alfa_romeo","https://katalogus.hasznaltauto.hu/alfa_romeo/alfa_146_1.6_t.spark_l-108","alfa_146_1.6_t.spark_l-108","Soros","1 190 kg","1 710 kg","1 712 mm","4 235 mm","2 540 mm","380 l","Manuális (5 fokozatú) sebességváltó","144 Nm","185/60 R14 82 H","Alsó középkategória",NA,"5 ajtó","5 fo","1 426 mm","51 l","520 kg","EURO 3","197 km/h","10,5 s",NA,NA,"3 575 000 Ft",NA,"198 g/km","11,3 l/100km","6,6 l/100km","8,3 l/100km",NA,NA,NA,NA,NA,NA,NA,NA,NA,NA,"Alfa 146 1.4 TS STD.
													(Évjárat: 1998)
													„tetszett: megjelenés, kényelem, menetdinamika, kormányzás, úttartás, helykínálat, csomagtér (nem kicsi, 380l, és síkba döntött...”
												
												
													Alfa 146 1.4 TS STD.
													(Évjárat: 2000)
													„Egyik legolcsóbb dízel volt a kínálatban, ehhez képest 8-9 évesen is megállja a helyét. Nagyon jó az útfekvése (cserében elég k...”
												
												
													Alfa 146 1.4 TS STD.
													(Évjárat: 1996)
													„Az autó súlyához mérten csak a motorikus és computeres tuning után teljesített gazdaságos autózást biztosító dinamizmust. A gya...”
												
												
													Alfa 146 1.4 TS STD.
													(Évjárat: 1996)
													„Tetszik, hogy kis kezes autó, a vészhelyzetekben is kezelheto, kellett olyan manovert tenni vele, hogy azt hittem hogy csatt le...”
													
													
													102 autós véleménye",NA,NA,NA,NA,"Elektromos ablakemelok elöl, Fejtámlák elöl-hátul [4 db], Fényszóró-távolságállítás belülrol, Fordulatszámméro, Indításblokkolás, Katalizátor, borbevonatú sebességváltókar, Kormányoszlop: állítható magasságú, Könnyufém keréktárcsa [4 db], Központizár, Külso visszapillantó tükrök elektromosan állíthatók és futhetok, Légzsák a vezetooldalon, Pótféklámpa [harmadik féklámpa], 6 hangszóró], Sebességváltómu: 5 fokozatú mechanikus, Spoiler a küszöbnél, Szervokormánymu: sebességfüggo, Színezett hovédoüvegek, Ülések hátul: lehajtható és osztható, Ülések: állítható magasságú vezetoülés, Vészhárítók a karosszéria színében, Világítás: ködfényszórók elöl",NA,NA,NA,NA
"2000.","Ferdehátú","Benzin","4 henger","Elso kerék","1 598 cm³","88 kW, 120 LE","alfa_romeo","https://katalogus.hasznaltauto.hu/alfa_romeo","https://katalogus.hasznaltauto.hu/alfa_romeo/alfa_146_1.6_t.spark_special_edition-109","alfa_146_1.6_t.spark_special_edition-109","Soros","1 190 kg","1 710 kg","1 712 mm","4 235 mm","2 540 mm","380 l","Manuális (5 fokozatú) sebességváltó","144 Nm","195/55 R15 84 V","Alsó középkategória",NA,"5 ajtó","5 fo","1 426 mm","51 l","520 kg",NA,"197 km/h","10,5 s",NA,NA,"3 695 000 Ft",NA,"198 g/km","11,3 l/100km","6,6 l/100km","8,3 l/100km",NA,NA,NA,NA,NA,NA,NA,"Elektromos ablakemelok elöl, Fejtámlák elöl-hátul [4 db], Fékrendszer: blokkolásgátló fékrendszer [ABS], Fényszóró-távolságállítás belülrol, Fordulatszámméro, Hátsó ablaktörlo-mosó berendezés, Indításblokkolás, Katalizátor, borbevonatú sebességváltókar, Kormányoszlop: állítható magasságú, Könnyufém keréktárcsa [4 db], Központizár, Külso visszapillantó tükrök elektromosan állíthatók és futhetok, Légkondícionáló berendezés, félautomata, Légzsák a vezetooldalon, Légzsák az utasoldalon, Pótféklámpa [harmadik féklámpa], 6 hangszóró], Sebességváltómu: 5 fokozatú mechanikus, Spoiler a küszöbnél, Sportcsomag: hátsó spoiler, borbevonatú sportkormánykerék,széles küszöbléc, középkonzol, könnyufém keréktárcsák 15',sportszövetbetét, oldalvédo gumicsík [fényezett], Szervokormánymu: sebességfüggo, Színezett hovédoüvegek, Ülések hátul: lehajtható és osztható, Ülések: állítható magasságú vezetoülés, Vészhárítók a karosszéria színében, Világítás: ködfényszórók elöl",NA,NA,"Alfa 146 1.4 TS STD.
													(Évjárat: 1998)
													„tetszett: megjelenés, kényelem, menetdinamika, kormányzás, úttartás, helykínálat, csomagtér (nem kicsi, 380l, és síkba döntött...”
												
												
													Alfa 146 1.4 TS STD.
													(Évjárat: 2000)
													„Egyik legolcsóbb dízel volt a kínálatban, ehhez képest 8-9 évesen is megállja a helyét. Nagyon jó az útfekvése (cserében elég k...”
												
												
													Alfa 146 1.4 TS STD.
													(Évjárat: 1996)
													„Az autó súlyához mérten csak a motorikus és computeres tuning után teljesített gazdaságos autózást biztosító dinamizmust. A gya...”
												
												
													Alfa 146 1.4 TS STD.
													(Évjárat: 1996)
													„Tetszik, hogy kis kezes autó, a vészhelyzetekben is kezelheto, kellett olyan manovert tenni vele, hogy azt hittem hogy csatt le...”
													
													
													102 autós véleménye",NA,NA,NA,NA,NA,NA,NA,NA,NA
"1999-2000","Ferdehátú","Benzin","4 henger","Elso kerék","1 970 cm³","114 kW, 155 LE","alfa_romeo","https://katalogus.hasznaltauto.hu/alfa_romeo","https://katalogus.hasznaltauto.hu/alfa_romeo/alfa_146_2.0_ti-110","alfa_146_2.0_ti-110","Soros","1 275 kg","1 795 kg","1 712 mm","4 235 mm","2 540 mm","380 l","Manuális (5 fokozatú) sebességváltó","187 Nm","195/55 R15 84 V","Alsó középkategória",NA,"5 ajtó","5 fo","1 426 mm","51 l","520 kg",NA,"216 km/h","8,4 s",NA,NA,"5 425 000 Ft",NA,"208 g/km","12,4 l/100km","6,6 l/100km","8,7 l/100km",NA,NA,NA,NA,NA,NA,NA,NA,NA,NA,"Alfa 146 1.4 TS STD.
													(Évjárat: 1998)
													„tetszett: megjelenés, kényelem, menetdinamika, kormányzás, úttartás, helykínálat, csomagtér (nem kicsi, 380l, és síkba döntött...”
												
												
													Alfa 146 1.4 TS STD.
													(Évjárat: 2000)
													„Egyik legolcsóbb dízel volt a kínálatban, ehhez képest 8-9 évesen is megállja a helyét. Nagyon jó az útfekvése (cserében elég k...”
												
												
													Alfa 146 1.4 TS STD.
													(Évjárat: 1996)
													„Az autó súlyához mérten csak a motorikus és computeres tuning után teljesített gazdaságos autózást biztosító dinamizmust. A gya...”
												
												
													Alfa 146 1.4 TS STD.
													(Évjárat: 1996)
													„Tetszik, hogy kis kezes autó, a vészhelyzetekben is kezelheto, kellett olyan manovert tenni vele, hogy azt hittem hogy csatt le...”
													
													
													102 autós véleménye",NA,NA,NA,NA,NA,"Elektromos ablakemelok elöl-hátul, Fejtámlák elöl-hátul [4 db], Fékrendszer: blokkolásgátló fékrendszer [ABS], Fényszóró-távolságállítás belülrol, Fordulatszámméro, Hátsó ablaktörlo-mosó berendezés, Indításblokkolás, Katalizátor, borbevonatú sebességváltókar, Kormányoszlop: állítható magasságú, Könnyufém keréktárcsa [4 db], Központizár távirányítással, Külso visszapillantó tükrök elektromosan állíthatók és futhetok, Légzsák a vezetooldalon, Pótféklámpa [harmadik féklámpa], 6 hangszóró], Sebességváltómu: 5 fokozatú mechanikus, Spoiler a küszöbnél, Szervokormánymu: sebességfüggo, Színezett hovédoüvegek, Ülések hátul: lehajtható és osztható, Vészhárítók a karosszéria színében, Világítás: ködfényszórók elöl, Ülések: állítható magasságú vezetoülés, sportülések elöl",NA,NA,NA
"1999-2000","Ferdehátú","Dízel","4 henger","Elso kerék","1 910 cm³","77 kW, 105 LE","alfa_romeo","https://katalogus.hasznaltauto.hu/alfa_romeo","https://katalogus.hasznaltauto.hu/alfa_romeo/alfa_146_1.9_jtd-111","alfa_146_1.9_jtd-111","Soros","1 245 kg","1 765 kg","1 712 mm","4 235 mm","2 540 mm","380 l","Manuális (5 fokozatú) sebességváltó","255 Nm","185/60 R14 82 H","Alsó középkategória",NA,"5 ajtó","5 fo","1 426 mm","51 l","520 kg",NA,"187 km/h","10,5 s",NA,NA,"4 495 000 Ft",NA,"152 g/km","7,6 l/100km","4,7 l/100km","5,7 l/100km",NA,NA,NA,NA,NA,"Elektromos ablakemelok elöl, Fejtámlák elöl [2 db], Fényszóró-távolságállítás belülrol, Fordulatszámméro, Hátsó ablaktörlo-mosó berendezés, Indításblokkolás, Katalizátor, borbevonatú sebességváltókar, Kormányoszlop: állítható magasságú, Központizár, Külso visszapillantó tükrök: belülrol állíthatók, Légzsák a vezetooldalon, Pótféklámpa [harmadik féklámpa], 6 hangszóró], Sebességváltómu: 5 fokozatú mechanikus, Spoiler a küszöbnél, Szervokormánymu: sebességfüggo, Színezett hovédoüvegek, Vészhárítók a karosszéria színében",NA,NA,NA,NA,"Alfa 146 1.4 TS STD.
													(Évjárat: 1998)
													„tetszett: megjelenés, kényelem, menetdinamika, kormányzás, úttartás, helykínálat, csomagtér (nem kicsi, 380l, és síkba döntött...”
												
												
													Alfa 146 1.4 TS STD.
													(Évjárat: 2000)
													„Egyik legolcsóbb dízel volt a kínálatban, ehhez képest 8-9 évesen is megállja a helyét. Nagyon jó az útfekvése (cserében elég k...”
												
												
													Alfa 146 1.4 TS STD.
													(Évjárat: 1996)
													„Az autó súlyához mérten csak a motorikus és computeres tuning után teljesített gazdaságos autózást biztosító dinamizmust. A gya...”
												
												
													Alfa 146 1.4 TS STD.
													(Évjárat: 1996)
													„Tetszik, hogy kis kezes autó, a vészhelyzetekben is kezelheto, kellett olyan manovert tenni vele, hogy azt hittem hogy csatt le...”
													
													
													102 autós véleménye",NA,NA,NA,NA,NA,NA,NA,NA,NA
"2003-2005","Ferdehátú","Benzin","4 henger","Elso kerék","1 598 cm³","77 kW, 105 LE","alfa_romeo","https://katalogus.hasznaltauto.hu/alfa_romeo","https://katalogus.hasznaltauto.hu/alfa_romeo/alfa_147_1.6_t._spark_eco_impression-112","alfa_147_1.6_t._spark_eco_impression-112","Soros","1 190 kg","1 710 kg","1 729 mm","4 170 mm","2 546 mm","280 l","Manuális (5 fokozatú) sebességváltó","140 Nm","185/65 R15","Alsó középkategória",NA,"3 ajtó","5 fo","1 442 mm","60 l","520 kg",NA,"185 km/h","11,3 s",NA,NA,"4 300 000 Ft",NA,"194 g/km","11,1 l/100km","6,3 l/100km","8,1 l/100km",NA,NA,NA,NA,NA,NA,NA,NA,NA,NA,NA,NA,NA,NA,NA,NA,NA,"Biztonsági övfeszíto rendszer, Elektromos ablakemelok elöl, Fejtámlák elöl-hátul [4 db], Fékrendszer: blokkolásgátló fékrendszer [ABS], Fényszóró-távolságállítás belülrol, Fordulatszámméro, Függönylégzsák [windowbag] elöl, Hátsó ablaktörlo-mosó berendezés, Indításblokkolás, Kárpit: szövet, Kormányoszlop: állítható magasságú, Központizár távirányítással, Külso visszapillantó tükrök elektromosan állíthatók és futhetok, Légzsák a vezeto-és utasoldalon, oldallégzsákok elöl, Pótféklámpa [harmadik féklámpa], Pótkerék: pótkerék helyett abroncsjavító készlet, Sebességváltómu: 5 fokozatú mechanikus, Szervokormánymu, Színezett üvegek, Ülések hátul: lehajtható és osztható, Ülések: állítható magasságú vezetoülés gerinctámasszal, Vészhárítók és külso tükrök a karosszéria színében, Világítás: ködfényszórók elöl","12 m","Alfa 147 1.6 T. Spark ECO Impression
													(Évjárat: 2001)
													„Ezt az autót ha meglátod beleszeretsz! Sok noben csalódtam már de egy Alfában sosem tudok csalódni! Bármennyit is kéne rá költe...”
												
												
													Alfa 147 1.6 T. Spark ECO Impression
													(Évjárat: 2001)
													„Az autót 2010-ben vásároltam. Sok keresgetést követoen rátaláltam egy nagyon jó állapotú modellre. Az elozo tulajdonos nagyon v...”
												
												
													Alfa 147 1.6 T. Spark ECO Impression
													(Évjárat: 2002)
													„Igazi élményautó, szeretem a sportosságát, a dinamikáját, még akkor is ha ez a fogyasztás rovására megy néha. Volt már néhány a...”
												
												
													Alfa 147 1.6 T. Spark ECO Impression
													(Évjárat: 2001)
													„A kocsit a legmagasabb felszereltséggel vettem. 10 légzsák nagy zene, tempomat, bor belso, kipörgésgátló kikapcs... etc. etc. a...”
													
													
													107 autós véleménye"
